Season,Episode,Airdate,Hosts,Youtube_id,ViewCount,LikeCount,DislikeCount,Movie,Year,imdbID,Released,Rated,Genre,Director,Actors,imdbRating,imdbVotes,Gregg_popcorn,Gregg_oscar,Tim_popcorn,Tim_oscar,John_popcorn,John_oscar,Joe_popcorn,Joe_oscar,Toni_popcorn,Toni_oscar,Mark_popcorn,Mark_oscar,Axiom_popcorn,Axiom_oscar,Ayaka_popcorn,Ayaka_oscar,Larry_popcorn,Larry_oscar
1,1,11/2/2012,Gregg Turkington|Tim Heidecker,qFHLfmoLchI,552400,2914,38,Flight,2012,tt1907668,02 Nov 2012,R,"Drama, Thriller",Robert Zemeckis,"Nadine Velazquez, Denzel Washington, Carter Cabassa, Adam C. Edwards",7.3,"322,125",5,True,5,True,NA,NA,NA,NA,NA,NA,NA,NA,NA,NA,NA,NA,NA,NA
1,1,11/2/2012,Gregg Turkington|Tim Heidecker,qFHLfmoLchI,552400,2914,38,The Man with the Iron Fists,2012,tt1258972,02 Nov 2012,R,Action,RZA,"RZA, Rick Yune, Russell Crowe, Lucy Liu",5.4,"60,174",5,False,4,False,NA,NA,NA,NA,NA,NA,NA,NA,NA,NA,NA,NA,NA,NA
1,2,11/8/2012,Gregg Turkington|Tim Heidecker,SQZJktp-etk,206777,1587,23,Skyfall,2012,tt1074638,09 Nov 2012,PG-13,"Action, Adventure, Thriller",Sam Mendes,"Daniel Craig, Judi Dench, Javier Bardem, Ralph Fiennes",7.7,"624,900",5,False,5,False,NA,NA,NA,NA,NA,NA,NA,NA,NA,NA,NA,NA,NA,NA
1,2,11/8/2012,Gregg Turkington|Tim Heidecker,SQZJktp-etk,206777,1587,23,Lincoln,2012,tt0443272,16 Nov 2012,PG-13,"Biography, Drama, History, War",Steven Spielberg,"Daniel Day-Lewis, Sally Field, David Strathairn, Joseph Gordon-Levitt",7.3,"242,149",4,False,6,False,NA,NA,NA,NA,NA,NA,NA,NA,NA,NA,NA,NA,NA,NA
1,3,11/16/2012,Gregg Turkington|Tim Heidecker,nfOMBioJDJg,212675,1432,27,Anna Karenina,2012,tt1781769,07 Sep 2012,R,"Drama, Romance",Joe Wright,"Matthew Macfadyen, Eric MacLennan, Kelly Macdonald, Theo Morrissey",6.6,"90,600",5,True,5,True,NA,NA,NA,NA,NA,NA,NA,NA,NA,NA,NA,NA,NA,NA
1,3,11/16/2012,Gregg Turkington|Tim Heidecker,nfOMBioJDJg,212675,1432,27,The Twilight Saga: Breaking Dawn - Part 2,2012,tt1673434,16 Nov 2012,PG-13,"Adventure, Drama, Fantasy, Romance",Bill Condon,"Kristen Stewart, Robert Pattinson, Taylor Lautner, Peter Facinelli",5.5,"228,790",4,False,4,False,NA,NA,NA,NA,NA,NA,NA,NA,NA,NA,NA,NA,NA,NA
1,4,11/21/2012,Gregg Turkington|Tim Heidecker,QYVJLsbciS8,172958,1268,15,Red Dawn,2012,tt1234719,21 Nov 2012,PG-13,"Action, Drama",Dan Bradley,"Chris Hemsworth, Josh Peck, Josh Hutcherson, Adrianne Palicki",5.4,"72,895",4,False,5,False,NA,NA,NA,NA,NA,NA,NA,NA,NA,NA,NA,NA,NA,NA
1,4,11/21/2012,Gregg Turkington|Tim Heidecker,QYVJLsbciS8,172958,1268,15,Life of Pi,2012,tt0454876,21 Nov 2012,PG,"Adventure, Drama, Fantasy",Ang Lee,"Suraj Sharma, Irrfan Khan, Ayush Tandon, Gautam Belur",7.9,"574,774",5,False,4,True,NA,NA,NA,NA,NA,NA,NA,NA,NA,NA,NA,NA,NA,NA
1,5,11/29/2012,Gregg Turkington|Tim Heidecker,WzFILC5bI_c,179607,1562,19,Universal Soldier: Day of Reckoning,2012,tt1659343,25 Oct 2012,R,"Action, Horror, Mystery, Sci-Fi, Thriller",John Hyams,"Jean-Claude Van Damme, Dolph Lundgren, Scott Adkins, Mariah Bonner",5.0,"19,109",5,False,NA,NA,NA,NA,NA,NA,NA,NA,NA,NA,NA,NA,NA,NA,NA,NA
1,5,11/29/2012,Gregg Turkington|Tim Heidecker,WzFILC5bI_c,179607,1562,19,The Frozen Ground,2013,tt2005374,01 Feb 2013,R,"Crime, Drama, Thriller",Scott Walker,"Nicolas Cage, Vanessa Hudgens, John Cusack, Dean Norris",6.4,"57,236",4,False,4,False,NA,NA,NA,NA,NA,NA,NA,NA,NA,NA,NA,NA,NA,NA
1,6,12/6/2012,Gregg Turkington|Tim Heidecker,HMKm0CYEXDU,153036,1038,13,Playing for Keeps,2012,tt1540128,07 Dec 2012,PG-13,"Comedy, Romance, Sport",Gabriele Muccino,"Gerard Butler, Jessica Biel, Noah Lomax, Dennis Quaid",5.7,"28,505",4,False,4,False,NA,NA,NA,NA,NA,NA,NA,NA,NA,NA,NA,NA,NA,NA
1,6,12/6/2012,Gregg Turkington|Tim Heidecker,HMKm0CYEXDU,153036,1038,13,Hyde Park on Hudson,2012,tt1477855,01 Feb 2013,R,"Biography, Comedy, Drama, History",Roger Michell,"Bill Murray, Laura Linney, Samuel West, Olivia Colman",5.8,"11,190",5,True,5,True,NA,NA,NA,NA,NA,NA,NA,NA,NA,NA,NA,NA,NA,NA
1,7,12/13/2012,Gregg Turkington|Tim Heidecker,Okikb3fpN4w,172158,1202,18,Les Misérables,2012,tt1707386,25 Dec 2012,PG-13,"Drama, History, Musical, Romance, War",Tom Hooper,"Hugh Jackman, Russell Crowe, Anne Hathaway, Amanda Seyfried",7.6,"305,057",4,False,5,False,NA,NA,NA,NA,NA,NA,NA,NA,NA,NA,NA,NA,NA,NA
1,7,12/13/2012,Gregg Turkington|Tim Heidecker,Okikb3fpN4w,172158,1202,18,The Hobbit: An Unexpected Journey,2012,tt0903624,14 Dec 2012,PG-13,"Adventure, Fantasy",Peter Jackson,"Ian McKellen, Martin Freeman, Richard Armitage, Ken Stott",7.8,"749,788",5,True,6,True,NA,NA,NA,NA,NA,NA,NA,NA,NA,NA,NA,NA,NA,NA
1,8,12/21/2012,Gregg Turkington|Tim Heidecker,qjqfZhyGSrA,192751,1666,15,"Monsters, Inc.",2001,tt0198781,02 Nov 2001,G,"Animation, Adventure, Comedy, Family, Fantasy","Pete Docter, David Silverman(co-director), Lee Unkrich(co-director)","John Goodman, Billy Crystal, Mary Gibbs, Steve Buscemi",8.0,"802,847",5,False,3,False,NA,NA,NA,NA,NA,NA,NA,NA,NA,NA,NA,NA,NA,NA
1,8,12/21/2012,Gregg Turkington|Tim Heidecker,qjqfZhyGSrA,192751,1666,15,Zero Dark Thirty,2012,tt1790885,11 Jan 2013,R,"Drama, History, Thriller, War",Kathryn Bigelow,"Jason Clarke, Reda Kateb, Jessica Chastain, Kyle Chandler",7.4,"267,653",4,False,3,True,NA,NA,NA,NA,NA,NA,NA,NA,NA,NA,NA,NA,NA,NA
1,9,12/27/2012,Gregg Turkington|Tim Heidecker,vvoqgPay8bM,166350,1367,17,Jack Reacher,2012,tt0790724,21 Dec 2012,PG-13,"Action, Thriller",Christopher McQuarrie,"Tom Cruise, Rosamund Pike, Richard Jenkins, David Oyelowo",7.0,"304,012",5,False,6,False,NA,NA,NA,NA,NA,NA,NA,NA,NA,NA,NA,NA,NA,NA
1,9,12/27/2012,Gregg Turkington|Tim Heidecker,vvoqgPay8bM,166350,1367,17,Cirque du Soleil: Worlds Away,2012,tt1792647,21 Dec 2012,PG,Fantasy,Andrew Adamson,"Erica Linz, Igor Zaripov, Lutz Halbhubner, John Clarke",6.8,"7,839",5,False,4,False,NA,NA,NA,NA,NA,NA,NA,NA,NA,NA,NA,NA,NA,NA
1,10,1/10/2013,Gregg Turkington|Tim Heidecker,u75FIgboNHU,183249,1576,18,Django Unchained,2012,tt1853728,25 Dec 2012,R,"Drama, Western",Quentin Tarantino,"Jamie Foxx, Christoph Waltz, Leonardo DiCaprio, Kerry Washington",8.4,"1,330,096",5,False,4,False,NA,NA,NA,NA,NA,NA,NA,NA,NA,NA,NA,NA,NA,NA
1,10,1/10/2013,Gregg Turkington|Tim Heidecker,u75FIgboNHU,183249,1576,18,Parental Guidance,2012,tt1047540,25 Dec 2012,PG,"Comedy, Family",Andy Fickman,"Billy Crystal, Bette Midler, Marisa Tomei, Tom Everett Scott",6.0,"24,715",NA,False,6,False,NA,NA,NA,NA,NA,NA,NA,NA,NA,NA,NA,NA,NA,NA
2,1,2/7/2013,Gregg Turkington|Tim Heidecker,LPw-R-WWdOc,176856,1315,13,Identity Thief,2013,tt2024432,08 Feb 2013,R,"Comedy, Crime, Drama",Seth Gordon,"Jason Bateman, Melissa McCarthy, Jon Favreau, Amanda Peet",5.7,"123,249",5,False,4,False,NA,NA,NA,NA,NA,NA,NA,NA,NA,NA,NA,NA,NA,NA
2,1,2/7/2013,Gregg Turkington|Tim Heidecker,LPw-R-WWdOc,176856,1315,13,Side Effects,2013,tt2053463,08 Feb 2013,R,"Crime, Drama, Mystery, Thriller",Steven Soderbergh,"Rooney Mara, Carmen Pelaez, Marin Ireland, Channing Tatum",7.1,"178,926",5,False,6,False,NA,NA,NA,NA,NA,NA,NA,NA,NA,NA,NA,NA,NA,NA
2,2,2/14/2013,Gregg Turkington|Tim Heidecker,1M2yXVn2GGA,190060,2041,34,Escape from Planet Earth,2012,tt0765446,15 Feb 2013,PG,"Animation, Adventure, Comedy, Family, Sci-Fi",Cal Brunker,"Brendan Fraser, Rob Corddry, Ricky Gervais, Jonathan Morgan Heit",5.9,"24,352",NA,False,NA,False,NA,NA,NA,NA,NA,NA,NA,NA,NA,NA,NA,NA,NA,NA
2,2,2/14/2013,Gregg Turkington|Tim Heidecker,1M2yXVn2GGA,190060,2041,34,A Good Day to Die Hard,2013,tt1606378,14 Feb 2013,R,"Action, Thriller",John Moore,"Bruce Willis, Jai Courtney, Sebastian Koch, Mary Elizabeth Winstead",5.3,"196,392",5,False,5,False,NA,NA,NA,NA,NA,NA,NA,NA,NA,NA,NA,NA,NA,NA
2,3,2/21/2013,Gregg Turkington|Tim Heidecker|Joe Estevez,MMTsSMttjdI,168536,1533,24,Snitch,2013,tt0882977,22 Feb 2013,PG-13,"Action, Drama, Thriller",Ric Roman Waugh,"Dwayne Johnson, Barry Pepper, Jon Bernthal, Susan Sarandon",6.4,"82,494",5,False,4,False,NA,NA,NA,NA,NA,NA,NA,NA,NA,NA,NA,NA,NA,NA
2,3,2/21/2013,Gregg Turkington|Tim Heidecker|Joe Estevez,MMTsSMttjdI,168536,1533,24,Dark Skies,2013,tt2387433,22 Feb 2013,PG-13,"Horror, Sci-Fi, Thriller",Scott Stewart,"Keri Russell, Josh Hamilton, Dakota Goyo, Kadan Rockett",6.3,"69,903",5,False,3,False,NA,NA,NA,NA,NA,NA,NA,NA,NA,NA,NA,NA,NA,NA
2,4,2/28/2013,Gregg Turkington|Tim Heidecker,LjVTxxFNeQY,148920,1159,17,21 & Over,2013,tt1711425,01 Mar 2013,R,Comedy,"Jon Lucas, Scott Moore","Miles Teller, Skylar Astin, Justin Chon, Sarah Wright",5.8,"71,331",5,False,5,False,NA,NA,NA,NA,NA,NA,NA,NA,NA,NA,NA,NA,NA,NA
2,4,2/28/2013,Gregg Turkington|Tim Heidecker,LjVTxxFNeQY,148920,1159,17,Jack the Giant Slayer,2013,tt1351685,01 Mar 2013,PG-13,"Adventure, Fantasy",Bryan Singer,"Nicholas Hoult, Eleanor Tomlinson, Ewan McGregor, Stanley Tucci",6.2,"130,721",5,False,6,False,NA,NA,NA,NA,NA,NA,NA,NA,NA,NA,NA,NA,NA,NA
2,5,3/7/2013,Gregg Turkington|Tim Heidecker,JhcGWg7aV0w,156749,1343,14,Oz the Great and Powerful,2013,tt1623205,08 Mar 2013,PG,"Adventure, Family, Fantasy",Sam Raimi,"James Franco, Mila Kunis, Rachel Weisz, Michelle Williams",6.3,"197,933",5,False,4,False,NA,NA,NA,NA,NA,NA,NA,NA,NA,NA,NA,NA,NA,NA
2,5,3/7/2013,Gregg Turkington|Tim Heidecker,JhcGWg7aV0w,156749,1343,14,Dead Man Down,2013,tt2101341,08 Mar 2013,R,"Action, Crime, Drama, Thriller",Niels Arden Oplev,"Colin Farrell, Noomi Rapace, Terrence Howard, Dominic Cooper",6.5,"63,520",5,False,5,True,NA,NA,NA,NA,NA,NA,NA,NA,NA,NA,NA,NA,NA,NA
2,6,3/14/2013,Gregg Turkington|Tim Heidecker,fah28oNAhT8,173326,1507,21,Carrie,2013,tt1939659,18 Oct 2013,R,"Drama, Horror",Kimberly Peirce,"Julianne Moore, Chloë Grace Moretz, Gabriella Wilde, Portia Doubleday",5.9,"132,205",5,False,4,False,NA,NA,NA,NA,NA,NA,NA,NA,NA,NA,NA,NA,NA,NA
2,6,3/14/2013,Gregg Turkington|Tim Heidecker,fah28oNAhT8,173326,1507,21,The Incredible Burt Wonderstone,2013,tt0790628,15 Mar 2013,PG-13,Comedy,Don Scardino,"Steve Carell, Steve Buscemi, Olivia Wilde, Jim Carrey",5.9,"70,406",5,True,5,False,NA,NA,NA,NA,NA,NA,NA,NA,NA,NA,NA,NA,NA,NA
2,7,3/21/2013,Gregg Turkington|Tim Heidecker,XxJ7YQS8sos,163971,1438,7,The Croods,2013,tt0481499,22 Mar 2013,PG,"Animation, Adventure, Comedy, Family, Fantasy","Kirk DeMicco, Chris Sanders","Nicolas Cage, Emma Stone, Ryan Reynolds, Catherine Keener",7.2,"188,771",5,False,5,False,NA,NA,NA,NA,NA,NA,NA,NA,NA,NA,NA,NA,NA,NA
2,8,3/28/2013,Ayaka Ohwaki|Gregg Turkington|Jimmy McNichol|Tim Heidecker,jFmz7t07i7w,146950,1079,18,G.I. Joe: Retaliation,2013,tt1583421,28 Mar 2013,PG-13,"Action, Adventure, Sci-Fi, Thriller",Jon M. Chu,"Dwayne Johnson, Jonathan Pryce, Byung-hun Lee, Elodie Yung",5.8,"171,945",NA,NA,5,False,NA,NA,NA,NA,NA,NA,NA,NA,NA,NA,4,False,NA,NA
2,8,3/28/2013,Ayaka Ohwaki|Gregg Turkington|Jimmy McNichol|Tim Heidecker,jFmz7t07i7w,146950,1079,18,Temptation: Confessions of a Marriage Counselor,2013,tt2070862,29 Mar 2013,PG-13,"Drama, Thriller",Tyler Perry,"Jurnee Smollett, Lance Gross, Kim Kardashian West, Vanessa Williams",5.0,"11,380",NA,NA,4,False,NA,NA,NA,NA,NA,NA,NA,NA,NA,NA,3,False,NA,NA
2,9,4/4/2013,Gregg Turkington|Tim Heidecker,ri0n5EMEApY,165895,1398,25,The Company You Keep,2012,tt1381404,26 Apr 2013,R,"Drama, Thriller",Robert Redford,"Robert Redford, Shia LaBeouf, Julie Christie, Susan Sarandon",6.4,"31,360",5,False,4,False,NA,NA,NA,NA,NA,NA,NA,NA,NA,NA,NA,NA,NA,NA
2,9,4/4/2013,Gregg Turkington|Tim Heidecker,ri0n5EMEApY,165895,1398,25,Jurassic Park,1993,tt0107290,11 Jun 1993,PG-13,"Action, Adventure, Sci-Fi, Thriller",Steven Spielberg,"Sam Neill, Laura Dern, Jeff Goldblum, Richard Attenborough",8.1,"854,729",NA,False,NA,False,NA,NA,NA,NA,NA,NA,NA,NA,NA,NA,NA,NA,NA,NA
2,10,4/11/2013,Gregg Turkington|Tim Heidecker,R_5-N9t26V8,179533,1479,11,Oblivion,2013,tt1483013,19 Apr 2013,PG-13,"Action, Adventure, Sci-Fi",Joseph Kosinski,"Tom Cruise, Morgan Freeman, Olga Kurylenko, Andrea Riseborough",7.0,"480,917",5,False,NA,False,NA,NA,NA,NA,NA,NA,NA,NA,NA,NA,NA,NA,NA,NA
2,10,4/11/2013,Gregg Turkington|Tim Heidecker,R_5-N9t26V8,179533,1479,11,Scary Movie V,2013,tt0795461,12 Apr 2013,PG-13,"Comedy, Horror","Malcolm D. Lee, David Zucker","Ashley Tisdale, Simon Rex, Gracie Whitton, Ava Kolker",3.5,"64,782",5,False,4,False,NA,NA,NA,NA,NA,NA,NA,NA,NA,NA,NA,NA,NA,NA
3,1,7/3/2013,Gregg Turkington|Tim Heidecker,Sx19DKoUdUg,229194,1971,46,Despicable Me 2,2013,tt1690953,03 Jul 2013,PG,"Animation, Adventure, Comedy, Crime, Family, Fantasy, Sci-Fi","Pierre Coffin, Chris Renaud","Steve Carell, Kristen Wiig, Benjamin Bratt, Miranda Cosgrove",7.3,"365,898",5,True,4,False,NA,NA,NA,NA,NA,NA,NA,NA,NA,NA,NA,NA,NA,NA
3,1,7/3/2013,Gregg Turkington|Tim Heidecker,Sx19DKoUdUg,229194,1971,46,The Lone Ranger,2013,tt1210819,03 Jul 2013,PG-13,"Action, Adventure, Western",Gore Verbinski,"Johnny Depp, Armie Hammer, William Fichtner, Tom Wilkinson",6.4,"219,588",4,False,5,True,NA,NA,NA,NA,NA,NA,NA,NA,NA,NA,NA,NA,NA,NA
3,2,7/10/2013,Gregg Turkington|Tim Heidecker,-3fzhadeZgg,191555,1635,117,Pacific Rim,2013,tt1663662,12 Jul 2013,PG-13,"Action, Adventure, Sci-Fi",Guillermo del Toro,"Charlie Hunnam, Diego Klattenhoff, Idris Elba, Rinko Kikuchi",6.9,"461,855",5,False,4,False,NA,NA,NA,NA,NA,NA,NA,NA,NA,NA,NA,NA,NA,NA
3,2,7/10/2013,Gregg Turkington|Tim Heidecker,-3fzhadeZgg,191555,1635,117,Grown Ups 2,2013,tt2191701,12 Jul 2013,PG-13,Comedy,Dennis Dugan,"Adam Sandler, Kevin James, Chris Rock, David Spade",5.4,"138,804",5,False,5,False,NA,NA,NA,NA,NA,NA,NA,NA,NA,NA,NA,NA,NA,NA
3,3,7/17/2013,Gregg Turkington|Tim Heidecker,_1g-Q7Nim6A,170490,1605,41,Turbo,2013,tt1860353,17 Jul 2013,PG,"Animation, Adventure, Comedy, Family, Sci-Fi, Sport",David Soren,"Ryan Reynolds, Paul Giamatti, Michael Peña, Samuel L. Jackson",6.4,"82,895",5,False,5,False,NA,NA,NA,NA,NA,NA,NA,NA,NA,NA,NA,NA,NA,NA
3,3,7/17/2013,Gregg Turkington|Tim Heidecker,_1g-Q7Nim6A,170490,1605,41,RED 2,2013,tt1821694,19 Jul 2013,PG-13,"Action, Adventure, Comedy, Crime, Thriller",Dean Parisot,"Bruce Willis, John Malkovich, Mary-Louise Parker, Helen Mirren",6.6,"158,213",5,False,5,False,NA,NA,NA,NA,NA,NA,NA,NA,NA,NA,NA,NA,NA,NA
3,4,7/24/2013,Gregg Turkington|Tim Heidecker|Joe Estevez,IcP5kn2kZcQ,181778,1507,37,Blue Jasmine,2013,tt2334873,23 Aug 2013,PG-13,Drama,Woody Allen,"Cate Blanchett, Joy Carlin, Richard Conti, Glen Caspillo",7.3,"190,009",NA,False,6,True,NA,NA,NA,NA,NA,NA,NA,NA,NA,NA,NA,NA,NA,NA
3,4,7/24/2013,Gregg Turkington|Tim Heidecker|Joe Estevez,IcP5kn2kZcQ,181778,1507,37,The Wolverine,2013,tt1430132,26 Jul 2013,PG-13,"Action, Adventure, Sci-Fi",James Mangold,"Hugh Jackman, Tao Okamoto, Rila Fukushima, Hiroyuki Sanada",6.7,"425,728",5,False,5,False,NA,NA,NA,NA,NA,NA,NA,NA,NA,NA,NA,NA,NA,NA
3,5,7/31/2013,Gregg Turkington|Tim Heidecker,wE7iRtuJYK8,161426,1403,32,The Smurfs 2,2013,tt2017020,31 Jul 2013,PG,"Animation, Adventure, Comedy, Family, Fantasy",Raja Gosnell,"Hank Azaria, Neil Patrick Harris, Brendan Gleeson, Jayma Mays",5.3,"37,563",5,True,5,True,NA,NA,NA,NA,NA,NA,NA,NA,NA,NA,NA,NA,NA,NA
3,5,7/31/2013,Gregg Turkington|Tim Heidecker,wE7iRtuJYK8,161426,1403,32,300: Rise of an Empire,2014,tt1253863,07 Mar 2014,R,"Action, Drama",Noam Murro,"Sullivan Stapleton, Eva Green, Lena Headey, Hans Matheson",6.2,"277,852",5,False,4,False,NA,NA,NA,NA,NA,NA,NA,NA,NA,NA,NA,NA,NA,NA
3,6,8/7/2013,Gregg Turkington|Tim Heidecker,LIlXGcRH2Rs,136349,1243,47,Percy Jackson: Sea of Monsters,2013,tt1854564,07 Aug 2013,PG,"Adventure, Family, Fantasy, Thriller",Thor Freudenthal,"Logan Lerman, Alexandra Daddario, Douglas Smith, Leven Rambin",5.8,"109,180",5,False,5,False,NA,NA,NA,NA,NA,NA,NA,NA,NA,NA,NA,NA,NA,NA
3,6,8/7/2013,Gregg Turkington|Tim Heidecker,LIlXGcRH2Rs,136349,1243,47,Elysium,2013,tt1535108,09 Aug 2013,R,"Action, Drama, Sci-Fi",Neill Blomkamp,"Matt Damon, Jodie Foster, Sharlto Copley, Alice Braga",6.6,"416,105",NA,False,5,False,NA,NA,NA,NA,NA,NA,NA,NA,NA,NA,NA,NA,NA,NA
3,7,8/14/2013,Gregg Turkington|Tim Heidecker,ScpA45z6BKQ,180382,1928,57,Kick-Ass 2,2013,tt1650554,16 Aug 2013,R,"Action, Comedy, Crime, Thriller",Jeff Wadlow,"Aaron Taylor-Johnson, Chloë Grace Moretz, Morris Chestnut, Claudia Lee",6.5,"252,859",5,False,5,False,NA,NA,NA,NA,NA,NA,NA,NA,NA,NA,NA,NA,NA,NA
3,8,8/21/2013,Ayaka Ohwaki|John Aprea|Tim Heidecker,Yr_q3Gxvex0,158738,1202,55,The World's End,2013,tt1213663,23 Aug 2013,R,"Comedy, Sci-Fi",Edgar Wright,"Thomas Law, Zachary Bailess, Jasper Levine, James Tarpey",7.0,"257,228",NA,NA,5,False,4,False,NA,NA,NA,NA,NA,NA,NA,NA,5,False,NA,NA
3,8,8/21/2013,Ayaka Ohwaki|John Aprea|Tim Heidecker,Yr_q3Gxvex0,158738,1202,55,The Colony,2013,tt1160996,20 Sep 2013,Not Rated,"Action, Sci-Fi, Thriller",Jeff Renfroe,"Kevin Zegers, Laurence Fishburne, Bill Paxton, Charlotte Sullivan",5.3,"42,697",NA,NA,5,False,5,False,NA,NA,NA,NA,NA,NA,NA,NA,NA,False,NA,NA
3,9,8/28/2013,Ayaka Ohwaki|Gregg Turkington|Tim Heidecker,sPIniCEtY9U,195778,2303,42,Getaway,2013,tt2167202,30 Aug 2013,PG-13,"Action, Crime, Thriller",Courtney Solomon,"Ethan Hawke, Selena Gomez, Jon Voight, Rebecca Budig",4.4,"23,082",2,False,5,False,NA,NA,NA,NA,NA,NA,NA,NA,NA,NA,5,False,NA,NA
3,9,8/28/2013,Ayaka Ohwaki|Gregg Turkington|Tim Heidecker,sPIniCEtY9U,195778,2303,42,One Direction: This Is Us,2013,tt2515086,30 Aug 2013,PG,"Documentary, Music",Morgan Spurlock,"Niall Horan, Zayn Malik, Liam Payne, Harry Styles",4.2,"23,391",0,False,5,False,NA,NA,NA,NA,NA,NA,NA,NA,NA,NA,6,False,NA,NA
3,10,9/4/2013,Gregg Turkington|Tim Heidecker,eYjQjvirrYc,177155,1484,36,Riddick,2013,tt1411250,06 Sep 2013,R,"Action, Adventure, Sci-Fi, Thriller",David Twohy,"Vin Diesel, Jordi Mollà, Matt Nable, Katee Sackhoff",6.4,"152,882",5,False,4,False,NA,NA,NA,NA,NA,NA,NA,NA,NA,NA,NA,NA,NA,NA
4,1,1/8/2014,Gregg Turkington|Tim Heidecker,FcY1PUpHXso,233720,1877,46,Her,2013,tt1798709,10 Jan 2014,R,"Drama, Romance, Sci-Fi",Spike Jonze,"Joaquin Phoenix, Lynn Adrianna Freedman, Lisa Renee Pitts, Gabe Gomez",8.0,"528,713",5,False,5,False,NA,NA,NA,NA,NA,NA,NA,NA,NA,NA,NA,NA,NA,NA
4,1,1/8/2014,Gregg Turkington|Tim Heidecker,FcY1PUpHXso,233720,1877,46,Lone Survivor,2013,tt1091191,10 Jan 2014,R,"Action, Biography, Drama, War",Peter Berg,"Mark Wahlberg, Taylor Kitsch, Emile Hirsch, Ben Foster",7.5,"263,312",5,False,5,False,NA,NA,NA,NA,NA,NA,NA,NA,NA,NA,NA,NA,NA,NA
4,2,1/15/2014,Gregg Turkington|Tim Heidecker,K_0ljrFYE5E,188693,2193,37,Ride Along,2014,tt1408253,17 Jan 2014,PG-13,"Action, Comedy, Crime",Tim Story,"Ice Cube, Kevin Hart, John Leguizamo, Bruce McGill",6.2,"101,946",5,False,5,False,NA,NA,NA,NA,NA,NA,NA,NA,NA,NA,NA,NA,NA,NA
4,2,1/15/2014,Gregg Turkington|Tim Heidecker,K_0ljrFYE5E,188693,2193,37,The Nut Job,2014,tt1821658,17 Jan 2014,PG,"Animation, Adventure, Comedy, Crime, Family",Peter Lepeniotis,"Will Arnett, Brendan Fraser, Liam Neeson, Katherine Heigl",5.7,"26,298",NA,False,NA,False,NA,NA,NA,NA,NA,NA,NA,NA,NA,NA,NA,NA,NA,NA
4,3,1/22/2014,Gregg Turkington|Luther Sanchez|Tim Heidecker,vUsRviInqn4,167623,1504,36,Gimme Shelter,2013,tt1657510,29 Oct 2014,PG-13,Drama,Ron Krauss,"Rosario Dawson, Brendan Fraser, Vanessa Hudgens, James Earl Jones",6.5,"8,154",5,False,4,False,NA,NA,NA,NA,NA,NA,NA,NA,NA,NA,NA,NA,NA,NA
4,3,1/22/2014,Gregg Turkington|Luther Sanchez|Tim Heidecker,vUsRviInqn4,167623,1504,36,"I, Frankenstein",2014,tt1418377,24 Jan 2014,PG-13,"Action, Fantasy, Sci-Fi",Stuart Beattie,"Aaron Eckhart, Yvonne Strahovski, Miranda Otto, Bill Nighy",5.1,"77,881",5,False,5,False,NA,NA,NA,NA,NA,NA,NA,NA,NA,NA,NA,NA,NA,NA
4,4,1/29/2014,Gregg Turkington|Luther Sanchez|Tim Heidecker,fSazKxKzn2E,222649,2126,38,That Awkward Moment,2014,tt1800246,31 Jan 2014,R,"Comedy, Romance",Tom Gormican,"Zac Efron, Miles Teller, Michael B. Jordan, Imogen Poots",6.1,"97,001",5,False,5,False,NA,NA,NA,NA,NA,NA,NA,NA,NA,NA,NA,NA,NA,NA
4,4,1/29/2014,Gregg Turkington|Luther Sanchez|Tim Heidecker,fSazKxKzn2E,222649,2126,38,Labor Day,2013,tt1967545,31 Jan 2014,PG-13,"Drama, Romance, Thriller",Jason Reitman,"Kate Winslet, Josh Brolin, Gattlin Griffith, Tobey Maguire",6.9,"42,211",5,False,5,False,NA,NA,NA,NA,NA,NA,NA,NA,NA,NA,NA,NA,NA,NA
4,5,2/5/2014,Gregg Turkington|Jimmy McNichol|Tim Heidecker|Joe Estevez,g8OlSE96I1s,296432,2214,79,The Lego Movie,2014,tt1490017,07 Feb 2014,PG,"Animation, Action, Adventure, Comedy, Family, Fantasy","Christopher Miller, Phil Lord","Will Arnett, Elizabeth Banks, Craig Berry, Alison Brie",7.7,"320,785",5,False,3,False,NA,NA,NA,NA,NA,NA,NA,NA,NA,NA,NA,NA,NA,NA
4,5,2/5/2014,Gregg Turkington|Jimmy McNichol|Tim Heidecker|Joe Estevez,g8OlSE96I1s,296432,2214,79,RoboCop,2014,tt1234721,12 Feb 2014,PG-13,"Action, Crime, Sci-Fi, Thriller",José Padilha,"Joel Kinnaman, Gary Oldman, Michael Keaton, Abbie Cornish",6.1,"214,640",5,False,NA,False,NA,NA,NA,NA,NA,NA,NA,NA,NA,NA,NA,NA,NA,NA
4,6,2/12/2014,Gregg Turkington|Larry Turman,zL2wK-HyeJQ,186872,1889,198,Endless Love,2014,tt2318092,14 Feb 2014,PG-13,"Drama, Romance",Shana Feste,"Alex Pettyfer, Gabriella Wilde, Bruce Greenwood, Joely Richardson",6.3,"40,000",5,False,NA,NA,NA,NA,NA,NA,NA,NA,NA,NA,NA,NA,NA,NA,NA,False
4,6,2/12/2014,Gregg Turkington|Larry Turman,zL2wK-HyeJQ,186872,1889,198,Girl on a Bicycle,2013,tt1686042,07 Mar 2013,R,"Comedy, Drama, Romance",Jeremy Leven,"Vincenzo Amato, Nora Tschirner, Louise Monot, Paddy Considine",6.2,"2,102",5,False,NA,NA,NA,NA,NA,NA,NA,NA,NA,NA,NA,NA,NA,NA,3,False
4,7,2/19/2014,Gregg Turkington|Tim Heidecker,obTi-asfsK4,187301,1577,34,Pompeii,2014,tt1921064,21 Feb 2014,PG-13,"Action, Adventure, Drama, Fantasy, History, Romance",Paul W.S. Anderson,"Dylan Schombing, Jean-Francois Lachapelle, Rebecca Roberts, Kiefer Sutherland",5.5,"105,524",5,False,5,False,NA,NA,NA,NA,NA,NA,NA,NA,NA,NA,NA,NA,NA,NA
4,8,2/26/2014,Gregg Turkington|Tim Heidecker|Joe Estevez,GRUe-F0g2fc,181175,1721,15,Project Almanac,2015,tt2436386,30 Jan 2015,PG-13,"Drama, Mystery, Sci-Fi, Thriller",Dean Israelite,"Jonny Weston, Sofia Black-D'Elia, Sam Lerner, Allen Evangelista",6.4,"75,400",5,False,5,False,NA,NA,NA,NA,NA,NA,NA,NA,NA,NA,NA,NA,NA,NA
4,8,2/26/2014,Gregg Turkington|Tim Heidecker|Joe Estevez,GRUe-F0g2fc,181175,1721,15,Non-Stop,2014,tt2024469,28 Feb 2014,PG-13,"Action, Thriller",Jaume Collet-Serra,"Liam Neeson, Julianne Moore, Scoot McNairy, Michelle Dockery",6.9,"247,493",5,False,6,False,NA,NA,NA,NA,NA,NA,NA,NA,NA,NA,NA,NA,NA,NA
4,9,3/5/2014,Gregg Turkington|Tim Heidecker,pZOBnKZ-X9U,151998,1463,22,Need for Speed,2014,tt2369135,14 Mar 2014,PG-13,"Action, Crime, Thriller",Scott Waugh,"Aaron Paul, Dominic Cooper, Imogen Poots, Kid Cudi",6.4,"161,738",5,False,5,False,NA,NA,NA,NA,NA,NA,NA,NA,NA,NA,NA,NA,NA,NA
4,9,3/5/2014,Gregg Turkington|Tim Heidecker,pZOBnKZ-X9U,151998,1463,22,Walk of Shame,2014,tt2463288,01 May 2014,R,Comedy,Steven Brill,"Elizabeth Banks, James Marsden, Gillian Jacobs, Sarah Wright",6.0,"50,687",5,False,NA,False,NA,NA,NA,NA,NA,NA,NA,NA,NA,NA,NA,NA,NA,NA
4,10,3/12/2014,Gregg Turkington|Tim Heidecker|Joe Estevez,1mz3aHHFxpc,153292,1655,20,Muppets Most Wanted,2014,tt2281587,21 Mar 2014,PG,"Adventure, Comedy, Crime, Family, Musical, Mystery",James Bobin,"Ricky Gervais, Ty Burrell, Tina Fey, Steve Whitmire",6.4,"31,249",5,False,5,False,NA,NA,NA,NA,NA,NA,NA,NA,NA,NA,NA,NA,NA,NA
5,1,7/2/2014,Gregg Turkington|Tim Heidecker,9rKNLhPo9bg,203437,1647,35,Tammy,2014,tt2103254,02 Jul 2014,R,"Comedy, Romance",Ben Falcone,"Melissa McCarthy, Susan Sarandon, Kathy Bates, Allison Janney",4.9,"47,606",5,False,6,False,NA,NA,NA,NA,NA,NA,NA,NA,NA,NA,NA,NA,NA,NA
5,1,7/2/2014,Gregg Turkington|Tim Heidecker,9rKNLhPo9bg,203437,1647,35,Deliver Us from Evil,2014,tt2377322,02 Jul 2014,R,"Crime, Horror, Mystery, Thriller",Scott Derrickson,"Eric Bana, Edgar Ramírez, Olivia Munn, Chris Coy",6.2,"70,254",5,False,5,False,NA,NA,NA,NA,NA,NA,NA,NA,NA,NA,NA,NA,NA,NA
5,2,7/9/2014,Gregg Turkington|Tim Heidecker,VrL8tyJLeJk,182862,1902,43,Dawn of the Planet of the Apes,2014,tt2103281,11 Jul 2014,PG-13,"Action, Adventure, Drama, Sci-Fi",Matt Reeves,"Andy Serkis, Jason Clarke, Gary Oldman, Keri Russell",7.6,"408,975",5,False,5,True,NA,NA,NA,NA,NA,NA,NA,NA,NA,NA,NA,NA,NA,NA
5,2,7/9/2014,Gregg Turkington|Tim Heidecker,VrL8tyJLeJk,182862,1902,43,And So It Goes,2014,tt2465146,25 Jul 2014,PG-13,"Comedy, Drama, Romance",Rob Reiner,"Michael Douglas, Diane Keaton, Sterling Jerins, Annie Parisse",5.8,"12,633",5,True,5,False,NA,NA,NA,NA,NA,NA,NA,NA,NA,NA,NA,NA,NA,NA
5,3,7/16/2014,Gregg Turkington|Tim Heidecker,N0d3hMwjsxg,154295,1422,26,Jupiter Ascending,2015,tt1617661,06 Feb 2015,PG-13,"Action, Adventure, Sci-Fi","Lana Wachowski, Lilly Wachowski","Mila Kunis, Channing Tatum, Sean Bean, Eddie Redmayne",5.3,"177,646",5,False,3,False,NA,NA,NA,NA,NA,NA,NA,NA,NA,NA,NA,NA,NA,NA
5,3,7/16/2014,Gregg Turkington|Tim Heidecker,N0d3hMwjsxg,154295,1422,26,Planes: Fire & Rescue,2014,tt2980706,18 Jul 2014,PG,"Animation, Adventure, Comedy, Family, Fantasy",Roberts Gannaway,"Dane Cook, Ed Harris, Julie Bowen, Curtis Armstrong",6.0,"16,388",5,False,5,False,NA,NA,NA,NA,NA,NA,NA,NA,NA,NA,NA,NA,NA,NA
5,4,7/23/2014,Gregg Turkington|Tim Heidecker|Joe Estevez,BQx_2bQniZI,168192,1529,31,Wish I Was Here,2014,tt2870708,25 Jul 2014,R,"Comedy, Drama",Zach Braff,"Zach Braff, Pierce Gagnon, Kate Hudson, Joey King",6.7,"36,253",5,True,5,True,NA,NA,NA,NA,NA,NA,NA,NA,NA,NA,NA,NA,NA,NA
5,4,7/23/2014,Gregg Turkington|Tim Heidecker|Joe Estevez,BQx_2bQniZI,168192,1529,31,Hercules,2014,tt1267297,25 Jul 2014,PG-13,"Action, Adventure, Fantasy",Brett Ratner,"Dwayne Johnson, Ian McShane, John Hurt, Rufus Sewell",6.0,"144,869",5,True,5,False,NA,NA,NA,NA,NA,NA,NA,NA,NA,NA,NA,NA,NA,NA
5,4,7/23/2014,Gregg Turkington|Tim Heidecker|Joe Estevez,BQx_2bQniZI,168192,1529,31,Magic in the Moonlight,2014,tt2870756,15 Aug 2014,PG-13,"Comedy, Drama, Romance",Woody Allen,"Colin Firth, Antonia Clarke, Natasha Andrews, Valérie Beaulieu",6.5,"63,393",5,False,5,False,NA,NA,NA,NA,NA,NA,NA,NA,NA,NA,NA,NA,NA,NA
5,5,7/30/2014,Gregg Turkington|Tim Heidecker,k_MbreQjXJ4,166526,1545,44,Get on Up,2014,tt2473602,01 Aug 2014,PG-13,"Biography, Drama, Music",Tate Taylor,"Chadwick Boseman, Nelsan Ellis, Dan Aykroyd, Viola Davis",6.9,"21,793",5,True,5,False,NA,NA,NA,NA,NA,NA,NA,NA,NA,NA,NA,NA,NA,NA
5,5,7/30/2014,Gregg Turkington|Tim Heidecker,k_MbreQjXJ4,166526,1545,44,Guardians of the Galaxy,2014,tt2015381,01 Aug 2014,PG-13,"Action, Adventure, Comedy, Sci-Fi",James Gunn,"Chris Pratt, Zoe Saldana, Dave Bautista, Vin Diesel",8.0,"1,032,353",5,False,5,False,NA,NA,NA,NA,NA,NA,NA,NA,NA,NA,NA,NA,NA,NA
5,6,8/6/2014,Gregg Turkington|Tim Heidecker,sU5PVNZ1GSo,173023,2466,60,Into the Storm,2014,tt2106361,08 Aug 2014,PG-13,"Action, Adventure, Drama, Thriller",Steven Quale,"Richard Armitage, Sarah Wayne Callies, Matt Walsh, Max Deacon",5.8,"64,498",NA,NA,NA,NA,NA,NA,NA,NA,NA,NA,NA,NA,NA,NA,NA,NA,NA,NA
5,6,8/6/2014,Gregg Turkington|Tim Heidecker,sU5PVNZ1GSo,173023,2466,60,Teenage Mutant Ninja Turtles,2014,tt1291150,08 Aug 2014,PG-13,"Action, Adventure, Comedy, Sci-Fi",Jonathan Liebesman,"Megan Fox, Will Arnett, William Fichtner, Alan Ritchson",5.8,"199,623",5,False,5,False,NA,NA,NA,NA,NA,NA,NA,NA,NA,NA,NA,NA,NA,NA
5,7,8/13/2014,Gregg Turkington|Tim Heidecker,Q6_ckZw65dI,162025,1414,30,The Expendables 3,2014,tt2333784,15 Aug 2014,PG-13,"Action, Adventure, Thriller",Patrick Hughes,"Sylvester Stallone, Jason Statham, Harrison Ford, Arnold Schwarzenegger",6.1,"167,583",5,False,5,True,NA,NA,NA,NA,NA,NA,NA,NA,NA,NA,NA,NA,NA,NA
5,7,8/13/2014,Gregg Turkington|Tim Heidecker,Q6_ckZw65dI,162025,1414,30,Let's Be Cops,2014,tt1924435,13 Aug 2014,R,"Action, Comedy, Crime",Luke Greenfield,"Jake Johnson, Damon Wayans Jr., Rob Riggle, Nina Dobrev",6.4,"126,486",5,False,5,False,NA,NA,NA,NA,NA,NA,NA,NA,NA,NA,NA,NA,NA,NA
5,8,8/20/2014,Gregg Turkington|Tim Heidecker,P93K-73MshM,168398,1525,32,Sin City: A Dame to Kill For,2014,tt0458481,22 Aug 2014,R,"Action, Crime, Thriller","Frank Miller, Robert Rodriguez","Mickey Rourke, Jessica Alba, Josh Brolin, Joseph Gordon-Levitt",6.5,"151,386",5,False,5,False,NA,NA,NA,NA,NA,NA,NA,NA,NA,NA,NA,NA,NA,NA
5,9,8/27/2014,"Ayaka Ohwaki|Gregg Turkington|Tim Heidecker|Tom Cruise Heidecker, Jr",hGzuqylxR8w,130986,1206,21,The November Man,2014,tt2402157,27 Aug 2014,R,"Action, Thriller",Roger Donaldson,"Pierce Brosnan, Luke Bracey, Olga Kurylenko, Bill Smitrovich",6.3,"62,611",5,False,4,False,NA,NA,NA,NA,NA,NA,NA,NA,NA,NA,NA,NA,NA,NA
5,9,8/27/2014,"Ayaka Ohwaki|Gregg Turkington|Tim Heidecker|Tom Cruise Heidecker, Jr",hGzuqylxR8w,130986,1206,21,Jessabelle,2014,tt2300975,07 Nov 2014,PG-13,"Drama, Horror, Mystery, Thriller",Kevin Greutert,"Sarah Snook, Joelle Carter, Mark Webber, David Andrews",5.4,"22,429",5,False,5,False,NA,NA,NA,NA,NA,NA,NA,NA,NA,NA,NA,NA,NA,NA
5,10,9/3/2014,Gregg Turkington|Tim Heidecker,AAVDo3uP07E,148732,1631,19,Dark Places,2015,tt2402101,18 Jun 2015,R,"Crime, Drama, Mystery, Thriller",Gilles Paquet-Brenner,"Charlize Theron, Sterling Jerins, Nicholas Hoult, Christina Hendricks",6.2,"41,655",NA,False,NA,False,NA,NA,NA,NA,NA,NA,NA,NA,NA,NA,NA,NA,NA,NA
5,10,9/3/2014,Gregg Turkington|Tim Heidecker,AAVDo3uP07E,148732,1631,19,The Green Inferno,2013,tt2403021,25 Sep 2015,R,"Adventure, Horror",Eli Roth,"Lorenza Izzo, Ariel Levy, Daryl Sabara, Kirby Bliss Blanton",5.3,"38,287",5,False,NA,False,NA,NA,NA,NA,NA,NA,NA,NA,NA,NA,NA,NA,NA,NA
6,1,2/4/2015,Gregg Turkington|Mark Proksch,l4TPZad5MVI,201364,2557,141,Jupiter Ascending,2015,tt1617661,06 Feb 2015,PG-13,"Action, Adventure, Sci-Fi","Lana Wachowski, Lilly Wachowski","Mila Kunis, Channing Tatum, Sean Bean, Eddie Redmayne",5.3,"177,646",5,False,NA,NA,NA,NA,NA,NA,NA,NA,NA,NA,NA,NA,NA,NA,NA,NA
6,1,2/4/2015,Gregg Turkington|Mark Proksch,l4TPZad5MVI,201364,2557,141,The SpongeBob Movie: Sponge Out of Water,2015,tt2279373,06 Feb 2015,PG,"Animation, Action, Adventure, Comedy, Family, Fantasy","Paul Tibbitt, Mike Mitchell","Antonio Banderas, Eric Bauza, Tim Conway, Eddie Deezen",6.0,"48,228",5,False,NA,NA,NA,NA,NA,NA,NA,NA,NA,NA,NA,NA,NA,NA,NA,NA
6,2,2/11/2015,Gregg Turkington|Mark Proksch|Tim Heidecker,nbyamRX_pZo,272260,2951,62,Kingsman: The Secret Service,2014,tt2802144,13 Feb 2015,R,"Action, Adventure, Comedy, Thriller",Matthew Vaughn,"Adrian Quinton, Colin Firth, Mark Strong, Jonno Davies",7.7,"583,716",5,False,5,False,NA,NA,NA,NA,NA,NA,NA,NA,NA,NA,NA,NA,NA,NA
6,2,2/11/2015,Gregg Turkington|Mark Proksch|Tim Heidecker,nbyamRX_pZo,272260,2951,62,Fifty Shades of Grey,2015,tt2322441,13 Feb 2015,R,"Drama, Romance, Thriller",Sam Taylor-Johnson,"Dakota Johnson, Jamie Dornan, Jennifer Ehle, Eloise Mumford",4.1,"295,303",5,False,5,False,NA,NA,NA,NA,NA,NA,NA,NA,NA,NA,NA,NA,NA,NA
6,3,2/18/2015,Gregg Turkington|Tim Heidecker,6KhwiJNCUmc,172968,1594,26,"McFarland, USA",2015,tt2097298,20 Feb 2015,PG,"Biography, Drama, Sport",Niki Caro,"Kevin Costner, Ramiro Rodriguez, Carlos Pratts, Johnny Ortiz",7.4,"34,827",5,False,6,True,NA,NA,NA,NA,NA,NA,NA,NA,NA,NA,NA,NA,NA,NA
6,3,2/18/2015,Gregg Turkington|Tim Heidecker,6KhwiJNCUmc,172968,1594,26,Hot Tub Time Machine 2,2015,tt2637294,20 Feb 2015,R,"Comedy, Mystery, Sci-Fi",Steve Pink,"Rob Corddry, Craig Robinson, Clark Duke, Adam Scott",5.1,"36,517",5,False,5,False,NA,NA,NA,NA,NA,NA,NA,NA,NA,NA,NA,NA,NA,NA
6,4,2/25/2015,Gregg Turkington|Tim Heidecker,ZGy4YwfTPBY,141383,1363,14,The Lazarus Effect,2015,tt2918436,27 Feb 2015,PG-13,"Horror, Mystery, Sci-Fi, Thriller",David Gelb,"Mark Duplass, Olivia Wilde, Sarah Bolger, Evan Peters",5.2,"40,736",5,False,5,False,NA,NA,NA,NA,NA,NA,NA,NA,NA,NA,NA,NA,NA,NA
6,4,2/25/2015,Gregg Turkington|Tim Heidecker,ZGy4YwfTPBY,141383,1363,14,Focus,2015,tt2381941,27 Feb 2015,R,"Comedy, Crime, Drama, Romance","Glenn Ficarra, John Requa","Will Smith, Margot Robbie, Adrian Martinez, Gerald McRaney",6.6,"214,358",5,True,5,False,NA,NA,NA,NA,NA,NA,NA,NA,NA,NA,NA,NA,NA,NA
6,5,3/4/2015,Gregg Turkington|Tim Heidecker|Joe Estevez,kFBLNgsVhdo,200135,1689,36,Chappie,2015,tt1823672,06 Mar 2015,R,"Action, Crime, Drama, Sci-Fi, Thriller",Neill Blomkamp,"Sharlto Copley, Dev Patel, Ninja, Yo-Landi Visser",6.8,"227,560",5,False,5,False,NA,NA,NA,False,NA,NA,NA,NA,NA,NA,NA,NA,NA,NA
6,5,3/4/2015,Gregg Turkington|Tim Heidecker|Joe Estevez,kFBLNgsVhdo,200135,1689,36,No Escape,2015,tt1781922,26 Aug 2015,R,"Action, Thriller",John Erick Dowdle,"Owen Wilson, Lake Bell, Sterling Jerins, Claire Geare",6.8,"77,506",5,False,5,False,NA,NA,NA,False,NA,NA,NA,NA,NA,NA,NA,NA,NA,NA
6,5,3/4/2015,Gregg Turkington|Tim Heidecker|Joe Estevez,kFBLNgsVhdo,200135,1689,36,The Second Best Exotic Marigold Hotel,2015,tt2555736,06 Mar 2015,PG,"Comedy, Drama",John Madden,"Dev Patel, Maggie Smith, Danny Mahoney, David Strathairn",6.6,"30,935",5,False,5,False,NA,NA,NA,False,NA,NA,NA,NA,NA,NA,NA,NA,NA,NA
6,6,3/11/2015,Gregg Turkington|Tim Heidecker,G07P3ZQwkSU,115693,944,14,Cinderella,2015,tt1661199,13 Mar 2015,PG,"Drama, Family, Fantasy, Romance",Kenneth Branagh,"Cate Blanchett, Lily James, Richard Madden, Helena Bonham Carter",6.9,"158,441",NA,False,5,True,NA,NA,NA,NA,NA,NA,NA,NA,NA,NA,NA,NA,NA,NA
6,6,3/11/2015,Gregg Turkington|Tim Heidecker,G07P3ZQwkSU,115693,944,14,In the Heart of the Sea,2015,tt1390411,11 Dec 2015,PG-13,"Action, Adventure, Biography, Drama, History",Ron Howard,"Chris Hemsworth, Benjamin Walker, Cillian Murphy, Brendan Gleeson",6.9,"121,262",5,False,5,False,NA,NA,NA,NA,NA,NA,NA,NA,NA,NA,NA,NA,NA,NA
6,7,3/18/2015,"Ayaka Ohwaki|Gregg Turkington|Tim Heidecker|Tom Cruise Heidecker, Jr",Ikb2QabxcDA,112323,1111,33,Insurgent,2015,tt2908446,20 Mar 2015,PG-13,"Action, Adventure, Sci-Fi, Thriller",Robert Schwentke,"Kate Winslet, Jai Courtney, Mekhi Phifer, Shailene Woodley",6.2,"214,986",5,False,5,False,NA,NA,NA,NA,NA,NA,NA,NA,NA,NA,NA,NA,NA,NA
6,7,3/18/2015,"Ayaka Ohwaki|Gregg Turkington|Tim Heidecker|Tom Cruise Heidecker, Jr",Ikb2QabxcDA,112323,1111,33,The Gunman,2015,tt2515034,20 Mar 2015,R,"Action, Crime, Thriller",Pierre Morel,"Sean Penn, Jasmine Trinca, Javier Bardem, Ray Winstone",5.8,"38,596",5,False,5,True,NA,NA,NA,NA,NA,NA,NA,NA,NA,NA,NA,NA,NA,NA
6,8,3/25/2015,Gregg Turkington|Tim Heidecker,mYVQo_jH3Po,128548,1470,17,Get Hard,2015,tt2561572,27 Mar 2015,R,"Comedy, Crime",Etan Cohen,"Will Ferrell, Kevin Hart, Craig T. Nelson, Alison Brie",6.0,"121,651",5,False,5,False,NA,NA,NA,NA,NA,NA,NA,NA,NA,NA,NA,NA,NA,NA
6,8,3/25/2015,Gregg Turkington|Tim Heidecker,mYVQo_jH3Po,128548,1470,17,Home,2015,tt2224026,27 Mar 2015,PG,"Animation, Adventure, Comedy, Family, Fantasy, Sci-Fi",Tim Johnson,"Jim Parsons, Rihanna, Steve Martin, Jennifer Lopez",6.6,"90,899",5,False,4,False,NA,NA,NA,NA,NA,NA,NA,NA,NA,NA,NA,NA,NA,NA
6,9,4/1/2015,Gregg Turkington|Tim Heidecker,486OCi4uINY,158035,1635,30,Furious 7,2015,tt2820852,03 Apr 2015,PG-13,"Action, Adventure, Thriller",James Wan,"Vin Diesel, Paul Walker, Jason Statham, Michelle Rodriguez",7.1,"355,702",5,False,7,False,NA,NA,NA,NA,NA,NA,NA,NA,NA,NA,NA,NA,NA,NA
6,9,4/1/2015,Gregg Turkington|Tim Heidecker,486OCi4uINY,158035,1635,30,Woman in Gold,2015,tt2404425,10 Apr 2015,PG-13,"Biography, Drama, History",Simon Curtis,"Helen Mirren, Ryan Reynolds, Daniel Brühl, Katie Holmes",7.3,"52,770",5,False,5,False,NA,NA,NA,NA,NA,NA,NA,NA,NA,NA,NA,NA,NA,NA
6,10,4/8/2015,Ayaka Ohwaki|Tim Heidecker,JDUbtFKcf2M,124795,1165,44,The King's Daughter,2020,tt2328678,N/A,PG,"Action, Adventure, Fantasy",Sean McNamara,"Pierce Brosnan, William Hurt, Benjamin Walker, Kaya Scodelario",N/A,N/A,NA,NA,5,False,NA,NA,NA,NA,NA,NA,NA,NA,NA,NA,3,False,NA,NA
6,10,4/8/2015,Ayaka Ohwaki|Tim Heidecker,JDUbtFKcf2M,124795,1165,44,Ex Machina,2014,tt0470752,24 Apr 2015,R,"Drama, Sci-Fi, Thriller",Alex Garland,"Domhnall Gleeson, Alicia Vikander, Oscar Isaac, Sonoya Mizuno",7.7,"467,446",NA,NA,5,False,NA,NA,NA,NA,NA,NA,NA,NA,NA,NA,5,False,NA,NA
7,1,9/9/2015,Gregg Turkington|Tim Heidecker,fgoanR8BAMA,259442,3608,73,Fantastic Four,2015,tt1502712,07 Aug 2015,PG-13,"Action, Adventure, Sci-Fi","Josh Trank, Stephen E. Rivkin","Miles Teller, Michael B. Jordan, Kate Mara, Jamie Bell",4.3,"150,497",NA,False,6,False,NA,NA,NA,NA,NA,NA,NA,NA,NA,NA,NA,NA,NA,NA
7,1,9/9/2015,Gregg Turkington|Tim Heidecker,fgoanR8BAMA,259442,3608,73,Ant-Man,2015,tt0478970,17 Jul 2015,PG-13,"Action, Adventure, Comedy, Sci-Fi",Peyton Reed,"Paul Rudd, Michael Douglas, Evangeline Lilly, Corey Stoll",7.3,"559,779",NA,False,1,False,NA,NA,NA,NA,NA,NA,NA,NA,NA,NA,NA,NA,NA,NA
7,2,9/16/2015,Gregg Turkington|Tim Heidecker,JszcIgBV_MI,170233,1467,33,Maze Runner: The Scorch Trials,2015,tt4046784,18 Sep 2015,PG-13,"Action, Adventure, Sci-Fi, Thriller",Wes Ball,"Dylan O'Brien, Ki Hong Lee, Kaya Scodelario, Thomas Brodie-Sangster",6.3,"217,704",5,False,5,False,NA,NA,NA,NA,NA,NA,NA,NA,NA,NA,NA,NA,NA,NA
7,2,9/16/2015,Gregg Turkington|Tim Heidecker,JszcIgBV_MI,170233,1467,33,Black Mass,2015,tt1355683,18 Sep 2015,R,"Biography, Crime, Drama",Scott Cooper,"Johnny Depp, Joel Edgerton, Benedict Cumberbatch, Dakota Johnson",6.9,"166,060",5,False,5,False,NA,NA,NA,NA,NA,NA,NA,NA,NA,NA,NA,NA,NA,NA
7,3,9/23/2015,Gregg Turkington|Tim Heidecker,Hvu9d4OAsXg,157742,1804,33,The Intern,2015,tt2361509,25 Sep 2015,PG-13,"Comedy, Drama",Nancy Meyers,"Robert De Niro, Anne Hathaway, Rene Russo, Anders Holm",7.1,"216,552",NA,NA,NA,NA,NA,NA,NA,NA,NA,NA,NA,NA,NA,NA,NA,NA,NA,NA
7,3,9/23/2015,Gregg Turkington|Tim Heidecker,Hvu9d4OAsXg,157742,1804,33,Hotel Transylvania 2,2015,tt2510894,25 Sep 2015,PG,"Animation, Comedy, Family, Fantasy",Genndy Tartakovsky,"Adam Sandler, Andy Samberg, Selena Gomez, Kevin James",6.7,"105,577",NA,NA,NA,NA,NA,NA,NA,NA,NA,NA,NA,NA,NA,NA,NA,NA,NA,NA
7,4,9/30/2015,Gregg Turkington|Luther Sanchez|Tim Heidecker|Joe Estevez,uim2th2Hm78,193304,1950,47,The Martian,2015,tt3659388,02 Oct 2015,PG-13,"Adventure, Drama, Sci-Fi",Ridley Scott,"Matt Damon, Jessica Chastain, Kristen Wiig, Jeff Daniels",8.0,"748,021",NA,NA,NA,NA,NA,NA,NA,NA,NA,NA,NA,NA,NA,NA,NA,NA,NA,NA
7,4,9/30/2015,Gregg Turkington|Luther Sanchez|Tim Heidecker|Joe Estevez,uim2th2Hm78,193304,1950,47,Sicario,2015,tt3397884,02 Oct 2015,R,"Action, Crime, Drama, Mystery, Thriller",Denis Villeneuve,"Emily Blunt, Benicio Del Toro, Josh Brolin, Victor Garber",7.6,"365,741",NA,NA,NA,NA,NA,NA,NA,NA,NA,NA,NA,NA,NA,NA,NA,NA,NA,NA
7,5,10/7/2015,Gregg Turkington|Tim Heidecker,gaQbGCg7_Mw,199481,1885,56,Pan,2015,tt3332064,09 Oct 2015,PG,"Adventure, Comedy, Family, Fantasy",Joe Wright,"Hugh Jackman, Levi Miller, Garrett Hedlund, Rooney Mara",5.7,"59,772",5,False,5,False,NA,NA,NA,NA,NA,NA,NA,NA,NA,NA,NA,NA,NA,NA
7,5,10/7/2015,Gregg Turkington|Tim Heidecker,gaQbGCg7_Mw,199481,1885,56,Steve Jobs,2015,tt2080374,23 Oct 2015,R,"Biography, Drama",Danny Boyle,"Michael Fassbender, Kate Winslet, Seth Rogen, Jeff Daniels",7.2,"151,966",5,False,5,False,NA,NA,NA,NA,NA,NA,NA,NA,NA,NA,NA,NA,NA,NA
7,6,10/14/2015,Gregg Turkington|Tim Heidecker,EbrnM36GspY,181773,1988,51,Goosebumps,2015,tt1051904,16 Oct 2015,PG,"Adventure, Comedy, Family, Fantasy, Horror",Rob Letterman,"Jack Black, Dylan Minnette, Odeya Rush, Ryan Lee",6.3,"80,024",5,False,5,False,NA,NA,NA,NA,NA,NA,NA,NA,NA,NA,NA,NA,NA,NA
7,6,10/14/2015,Gregg Turkington|Tim Heidecker,EbrnM36GspY,181773,1988,51,Bridge of Spies,2015,tt3682448,16 Oct 2015,PG-13,"Drama, History, Thriller",Steven Spielberg,"Mark Rylance, Domenick Lombardozzi, Victor Verhaeghe, Mark Fichera",7.6,"282,935",5,False,5,False,NA,NA,NA,NA,NA,NA,NA,NA,NA,NA,NA,NA,NA,NA
7,7,10/21/2015,Gregg Turkington|Tim Heidecker,cuORvss1ovo,169308,1982,62,Paranormal Activity: The Ghost Dimension,2015,tt2473510,23 Oct 2015,R,"Horror, Mystery",Gregory Plotkin,"Chris J. Murray, Brit Shaw, Ivy George, Dan Gill",4.6,"24,581",NA,False,NA,False,NA,NA,NA,NA,NA,NA,NA,NA,NA,NA,NA,NA,NA,NA
7,7,10/21/2015,Gregg Turkington|Tim Heidecker,cuORvss1ovo,169308,1982,62,Jem and the Holograms,2015,tt3614530,23 Oct 2015,PG,"Adventure, Drama, Family, Fantasy, Music, Romance, Sci-Fi",Jon M. Chu,"Aubrey Peeples, Stefanie Scott, Aurora Perrineau, Hayley Kiyoko",4.2,"7,288",5,False,5,False,NA,NA,NA,NA,NA,NA,NA,NA,NA,NA,NA,NA,NA,NA
7,8,10/28/2015,Axiom Serradimigni|Tim Heidecker,7-2jpmg-fSw,93183,932,801,Collide,2016,tt2126235,24 Feb 2017,PG-13,"Action, Crime, Thriller",Eran Creevy,"Nicholas Hoult, Felicity Jones, Anthony Hopkins, Ben Kingsley",5.7,"14,783",NA,NA,NA,False,NA,NA,NA,NA,NA,NA,NA,NA,NA,False,NA,NA,NA,NA
7,8,10/28/2015,Axiom Serradimigni|Tim Heidecker,7-2jpmg-fSw,93183,932,801,Scouts Guide to the Zombie Apocalypse,2015,tt1727776,30 Oct 2015,R,"Action, Comedy, Horror",Christopher Landon,"Tye Sheridan, Logan Miller, Joey Morgan, Sarah Dumont",6.3,"44,445",NA,NA,5,False,NA,NA,NA,NA,NA,NA,NA,NA,NA,NA,NA,NA,NA,NA
7,9,11/5/2015,Gregg Turkington,rYhc3na7j0k,140274,1965,57,The Peanuts Movie,2015,tt2452042,06 Nov 2015,G,"Animation, Comedy, Family",Steve Martino,"Trombone Shorty, Rebecca Bloom, Anastasia Bredikhina, Francesca Capaldi",7.1,"41,761",5,False,5,False,NA,NA,NA,NA,NA,NA,NA,NA,NA,NA,NA,NA,NA,NA
7,9,11/5/2015,Gregg Turkington,rYhc3na7j0k,140274,1965,57,Spectre,2015,tt2379713,06 Nov 2015,PG-13,"Action, Adventure, Thriller",Sam Mendes,"Daniel Craig, Christoph Waltz, Léa Seydoux, Ralph Fiennes",6.8,"379,146",5,True,5,False,NA,NA,NA,NA,NA,NA,NA,NA,NA,NA,NA,NA,NA,NA
7,10,11/12/2015,Axiom Serradimigni|Gregg Turkington|Luther Sanchez|Tim Heidecker,GFpbLvUwF4g,178736,2290,34,By the Sea,2015,tt3707106,09 Dec 2015,R,"Drama, Romance",Angelina Jolie,"Brad Pitt, Angelina Jolie, Mélanie Laurent, Melvil Poupaud",5.3,"18,153",5,False,NA,False,NA,NA,NA,NA,NA,NA,NA,NA,NA,NA,NA,NA,NA,NA
7,10,11/12/2015,Axiom Serradimigni|Gregg Turkington|Luther Sanchez|Tim Heidecker,GFpbLvUwF4g,178736,2290,34,Rings,2017,tt0498381,03 Feb 2017,PG-13,"Drama, Horror, Mystery, Romance",F. Javier Gutiérrez,"Matilda Anna Ingrid Lutz, Alex Roe, Johnny Galecki, Vincent D'Onofrio",4.5,"37,461",NA,False,NA,False,NA,NA,NA,NA,NA,NA,NA,NA,NA,NA,NA,NA,NA,NA
8,1,7/27/2016,Gregg Turkington|Tim Heidecker,RpMjjx-m-BM,291130,3025,92,Star Trek: Beyond,2016,tt2660888,22 Jul 2016,PG-13,"Action, Adventure, Sci-Fi, Thriller",Justin Lin,"Chris Pine, Zachary Quinto, Karl Urban, Zoe Saldana",7.1,"224,985",5,False,6,False,NA,NA,NA,NA,NA,NA,NA,NA,NA,NA,NA,NA,NA,NA
8,1,7/27/2016,Gregg Turkington|Tim Heidecker,RpMjjx-m-BM,291130,3025,92,Hillary's America: The Secret History of the Democratic Party,2016,tt5646136,22 Jul 2016,PG-13,"Documentary, Biography, History","Dinesh D'Souza, Bruce Schooley","Dinesh D'Souza, Jonah Goldberg, David Guyette, Andrea Cohen",5.3,"6,823",5,False,6,True,NA,NA,NA,NA,NA,NA,NA,NA,NA,NA,NA,NA,NA,NA
8,2,8/3/2016,Gregg Turkington|Luther Sanchez|Tim Heidecker,i2YyYQfZetk,262262,2439,56,Jason Bourne,2016,tt4196776,29 Jul 2016,PG-13,"Action, Thriller",Paul Greengrass,"Matt Damon, Tommy Lee Jones, Alicia Vikander, Vincent Cassel",6.6,"205,741",5,False,5,False,NA,NA,NA,NA,NA,NA,NA,NA,NA,NA,NA,NA,NA,NA
8,2,8/3/2016,Gregg Turkington|Luther Sanchez|Tim Heidecker,i2YyYQfZetk,262262,2439,56,Café Society,2016,tt4513674,05 Aug 2016,PG-13,"Comedy, Drama, Romance",Woody Allen,"Steve Carell, Sheryl Lee, Todd Weeks, Paul Schackman",6.6,"70,116",5,True,5,True,NA,NA,NA,NA,NA,NA,NA,NA,NA,NA,NA,NA,NA,NA
8,3,8/10/2016,Gregg Turkington|Tim Heidecker,5FQu_8qQBN4,430976,4599,123,Nine Lives,2016,tt4383594,05 Aug 2016,PG,"Comedy, Drama, Family, Fantasy",Barry Sonnenfeld,"Kevin Spacey, Jennifer Garner, Robbie Amell, Cheryl Hines",5.3,"20,704",5,False,5,False,NA,NA,NA,NA,NA,NA,NA,NA,NA,NA,NA,NA,NA,NA
8,3,8/10/2016,Gregg Turkington|Tim Heidecker,5FQu_8qQBN4,430976,4599,123,Suicide Squad,2016,tt1386697,05 Aug 2016,PG-13,"Action, Adventure, Fantasy, Sci-Fi",David Ayer,"Will Smith, Jaime FitzSimons, Ike Barinholtz, Margot Robbie",6.0,"592,943",5,False,5,False,NA,NA,NA,NA,NA,NA,NA,NA,NA,NA,NA,NA,NA,NA
8,4,8/17/2016,Gregg Turkington|Tim Heidecker,UqqYpUmtgLg,269095,2760,58,Sausage Party,2016,tt1700841,12 Aug 2016,R,"Animation, Adventure, Comedy, Fantasy","Greg Tiernan, Conrad Vernon","Alistair Abell, Iris Apatow, Sugar Lyn Beard, Michael Cera",6.1,"173,358",NA,False,5,False,NA,NA,NA,NA,NA,NA,NA,NA,NA,NA,NA,NA,NA,NA
8,4,8/17/2016,Gregg Turkington|Tim Heidecker,UqqYpUmtgLg,269095,2760,58,Pete's Dragon,2016,tt2788732,12 Aug 2016,PG,"Action, Adventure, Comedy, Drama, Family, Fantasy",David Lowery,"Bryce Dallas Howard, Robert Redford, Oakes Fegley, Oona Laurence",6.7,"53,404",5,False,5,False,NA,NA,NA,NA,NA,NA,NA,NA,NA,NA,NA,NA,NA,NA
8,5,8/24/2016,Axiom Serradimigni|Gregg Turkington|Mark Proksch|Tim Heidecker,NMl3xpNbTjA,225697,2066,53,Ben-Hur,2016,tt2638144,19 Aug 2016,PG-13,"Action, Adventure, Drama, History",Timur Bekmambetov,"Jack Huston, Toby Kebbell, Rodrigo Santoro, Nazanin Boniadi",5.7,"41,092",5,True,5,False,NA,NA,NA,NA,NA,NA,NA,NA,NA,NA,NA,NA,NA,NA
8,5,8/24/2016,Axiom Serradimigni|Gregg Turkington|Mark Proksch|Tim Heidecker,NMl3xpNbTjA,225697,2066,53,Kubo and the Two Strings,2016,tt4302938,19 Aug 2016,PG,"Animation, Action, Adventure, Family, Fantasy",Travis Knight,"Art Parkinson, Charlize Theron, Brenda Vaccaro, Cary-Hiroyuki Tagawa",7.8,"116,098",5,False,NA,False,NA,NA,NA,NA,NA,NA,NA,NA,NA,NA,NA,NA,NA,NA
8,6,8/31/2016,Gregg Turkington|Tim Heidecker,IQtNboS3Eh8,178372,2111,41,Hands of Stone,2016,tt1781827,26 Aug 2016,R,"Biography, Drama, Sport",Jonathan Jakubowicz,"Edgar Ramírez, Robert De Niro, Usher, Rubén Blades",6.6,"14,797",5,True,5,False,NA,NA,NA,NA,NA,NA,NA,NA,NA,NA,NA,NA,NA,NA
8,6,8/31/2016,Gregg Turkington|Tim Heidecker,IQtNboS3Eh8,178372,2111,41,Mechanic: Resurrection,2016,tt3522806,26 Aug 2016,R,"Action, Adventure, Crime, Thriller",Dennis Gansel,"Jason Statham, Jessica Alba, Tommy Lee Jones, Michelle Yeoh",5.7,"75,268",5,False,5,False,NA,NA,NA,NA,NA,NA,NA,NA,NA,NA,NA,NA,NA,NA
8,7,9/7/2016,Gregg Turkington|Mark Proksch,Qb3kMeOxCAQ,156884,1831,31,The Light Between Oceans,2016,tt2547584,02 Sep 2016,PG-13,"Drama, Romance",Derek Cianfrance,"Michael Fassbender, Alicia Vikander, Rachel Weisz, Florence Clery",7.2,"51,240",5,False,NA,NA,NA,NA,NA,NA,NA,NA,NA,NA,NA,NA,NA,NA,NA,NA
8,7,9/7/2016,Gregg Turkington|Mark Proksch,Qb3kMeOxCAQ,156884,1831,31,Solace,2015,tt1291570,16 Dec 2016,R,"Crime, Drama, Mystery, Thriller",Afonso Poyart,"Anthony Hopkins, Jeffrey Dean Morgan, Abbie Cornish, Colin Farrell",6.4,"55,104",5,False,NA,NA,NA,NA,NA,NA,NA,NA,5,False,NA,NA,NA,NA,NA,NA
8,8,9/14/2016,Axiom Serradimigni|Ayaka Ohwaki|Gregg Turkington|John Aprea|Mark Proksch|Mister Ohwaki|Tim Heidecker|Joe Estevez,7r6qgKD-m8U,172439,2332,44,Sully,2016,tt3263904,09 Sep 2016,PG-13,"Biography, Drama",Clint Eastwood,"Tom Hanks, Aaron Eckhart, Valerie Mahaffey, Delphi Harrington",7.4,"233,750",NA,NA,NA,NA,NA,NA,NA,NA,NA,NA,NA,NA,NA,NA,NA,NA,NA,NA
8,8,9/14/2016,Axiom Serradimigni|Ayaka Ohwaki|Gregg Turkington|John Aprea|Mark Proksch|Mister Ohwaki|Tim Heidecker|Joe Estevez,7r6qgKD-m8U,172439,2332,44,When the Bough Breaks,2016,tt1389139,09 Sep 2016,PG-13,"Drama, Thriller",Jon Cassar,"Morris Chestnut, Regina Hall, Romany Malco, Michael Kenneth Williams",5.1,"5,757",NA,NA,NA,NA,NA,NA,NA,NA,NA,NA,NA,NA,NA,NA,NA,NA,NA,NA
8,9,9/21/2016,Gregg Turkington|Tim Heidecker,m7XQZnBDJKY,163260,1897,35,Bridget Jones's Baby,2016,tt1473832,16 Sep 2016,R,"Comedy, Drama, Romance",Sharon Maguire,"Renée Zellweger, Gemma Jones, Jim Broadbent, Sally Phillips",6.5,"67,377",5,False,5,False,NA,NA,NA,NA,NA,NA,NA,NA,NA,NA,NA,NA,NA,NA
8,9,9/21/2016,Gregg Turkington|Tim Heidecker,m7XQZnBDJKY,163260,1897,35,Snowden,2016,tt3774114,16 Sep 2016,R,"Biography, Crime, Drama, Thriller",Oliver Stone,"Melissa Leo, Zachary Quinto, Joseph Gordon-Levitt, Jaymes Butler",7.3,"135,149",5,False,0,False,NA,NA,NA,NA,NA,NA,NA,NA,NA,NA,NA,NA,NA,NA
8,10,9/28/2016,Gregg Turkington|Tim Heidecker,gZNF7-v-qGA,167439,2090,38,The Magnificent Seven,2016,tt2404435,23 Sep 2016,PG-13,"Action, Adventure, Western",Antoine Fuqua,"Denzel Washington, Chris Pratt, Ethan Hawke, Vincent D'Onofrio",6.9,"182,188",5,False,5,False,NA,NA,NA,NA,NA,NA,NA,NA,NA,NA,NA,NA,NA,NA
8,10,9/28/2016,Gregg Turkington|Tim Heidecker,gZNF7-v-qGA,167439,2090,38,Storks,2016,tt4624424,23 Sep 2016,PG,"Animation, Adventure, Comedy, Family, Fantasy","Nicholas Stoller, Doug Sweetland","Andy Samberg, Katie Crown, Kelsey Grammer, Jennifer Aniston",6.8,"55,352",5,False,5,False,NA,NA,NA,NA,NA,NA,NA,NA,NA,NA,NA,NA,NA,NA
9,1,3/6/2017,Gregg Turkington|Mark Proksch|Tim Heidecker,OU0TaprKPRc,172730,1947,70,The Wall,2017,tt4218696,18 May 2017,R,"Action, Drama, Thriller, War",Doug Liman,"Aaron Taylor-Johnson, John Cena, Laith Nakli",6.2,"23,574",5,False,5,False,NA,NA,NA,NA,NA,NA,NA,NA,NA,NA,NA,NA,NA,NA
9,1,3/6/2017,Gregg Turkington|Mark Proksch|Tim Heidecker,OU0TaprKPRc,172730,1947,70,Kong: Skull Island,2017,tt3731562,10 Mar 2017,PG-13,"Action, Adventure, Fantasy, Sci-Fi",Jordan Vogt-Roberts,"Tom Hiddleston, Samuel L. Jackson, Brie Larson, John C. Reilly",6.6,"264,359",5,False,5,False,NA,NA,NA,NA,NA,NA,NA,NA,NA,NA,NA,NA,NA,NA
9,2,3/13/2017,Gregg Turkington|John Lenard|Mark Proksch|Tim Heidecker,anEU1fPn8JI,127928,1354,71,T2 Trainspotting,2017,tt2763304,31 Mar 2017,R,Drama,Danny Boyle,"Ewan McGregor, Logan Gillies, Ben Skelton, Aiden Haggarty",7.2,"111,781",5,False,5,False,NA,NA,NA,NA,NA,NA,NA,NA,NA,NA,NA,NA,NA,NA
9,2,3/13/2017,Gregg Turkington|John Lenard|Mark Proksch|Tim Heidecker,anEU1fPn8JI,127928,1354,71,The Belko Experiment,2016,tt1082807,17 Mar 2017,R,"Horror, Thriller",Greg McLean,"John Gallagher Jr., Tony Goldwyn, Adria Arjona, John C. McGinley",6.1,"43,309",5,False,NA,False,NA,NA,NA,NA,NA,NA,NA,NA,NA,NA,NA,NA,NA,NA
9,3,3/20/2017,Gregg Turkington|Mark Proksch|Tim Heidecker,wRGvQosfuos,135373,1383,58,Power Rangers,2017,tt3717490,24 Mar 2017,PG-13,"Action, Adventure, Sci-Fi",Dean Israelite,"Dacre Montgomery, Naomi Scott, RJ Cyler, Ludi Lin",5.9,"100,630",NA,False,5,True,NA,NA,NA,NA,NA,NA,NA,NA,NA,NA,NA,NA,NA,NA
9,3,3/20/2017,Gregg Turkington|Mark Proksch|Tim Heidecker,wRGvQosfuos,135373,1383,58,CHIPS,2017,tt0493405,24 Mar 2017,R,"Action, Comedy, Crime",Dax Shepard,"Michael Peña, Dax Shepard, Vincent D'Onofrio, Rosa Salazar",6.0,"41,996",5,False,5,False,NA,NA,NA,NA,NA,NA,NA,NA,NA,NA,NA,NA,NA,NA
9,4,3/27/2017,Axiom Serradimigni|Gregg Turkington|Manuel Giusti|Mark Proksch|Tim Heidecker,37fPcXtoIUk,121202,1358,43,The Boss Baby,2017,tt3874544,31 Mar 2017,PG,"Animation, Adventure, Comedy, Family, Fantasy",Tom McGrath,"Alec Baldwin, Steve Buscemi, Jimmy Kimmel, Lisa Kudrow",6.3,"106,421",5,False,5,False,NA,NA,NA,NA,NA,NA,NA,NA,NA,NA,NA,NA,NA,NA
9,4,3/27/2017,Axiom Serradimigni|Gregg Turkington|Manuel Giusti|Mark Proksch|Tim Heidecker,37fPcXtoIUk,121202,1358,43,The Zookeeper's Wife,2017,tt1730768,07 Apr 2017,PG-13,"Biography, Drama, History, War",Niki Caro,"Jessica Chastain, Johan Heldenbergh, Daniel Brühl, Timothy Radford",7.0,"37,745",5,False,NA,False,NA,NA,NA,NA,NA,NA,NA,NA,NA,NA,NA,NA,NA,NA
9,5,4/3/2017,Gregg Turkington|Juliana Serradimigni|Manuel Giusti|Mark Proksch|Tim Heidecker,KiEfjXD-KwE,119951,1337,30,The Case for Christ,2017,tt6113488,07 Apr 2017,PG,"Biography, Drama",Jon Gunn,"Erika Christensen, Faye Dunaway, Frankie Faison, Robert Forster",6.3,"7,638",5,False,5,False,NA,NA,NA,NA,NA,NA,NA,NA,NA,NA,NA,NA,NA,NA
9,5,4/3/2017,Gregg Turkington|Juliana Serradimigni|Manuel Giusti|Mark Proksch|Tim Heidecker,KiEfjXD-KwE,119951,1337,30,Smurfs: The Lost Village,2017,tt2398241,07 Apr 2017,PG,"Animation, Adventure, Comedy, Family, Fantasy",Kelly Asbury,"Demi Lovato, Rainn Wilson, Joe Manganiello, Jack McBrayer",6.0,"18,116",5,False,5,False,NA,NA,NA,NA,NA,NA,NA,NA,NA,NA,NA,NA,NA,NA
9,6,4/10/2017,Gregg Turkington|Mark Proksch|Luther Sanchez|Tim Heidecker,1xkShGA6IQs,134682,1417,54,The Fate of the Furious,2017,tt4630562,14 Apr 2017,PG-13,"Action, Adventure, Crime, Thriller",F. Gary Gray,"Vin Diesel, Jason Statham, Dwayne Johnson, Michelle Rodriguez",6.7,"201,357",5,False,NA,False,NA,NA,NA,NA,NA,NA,NA,NA,NA,NA,NA,NA,NA,NA
9,6,4/10/2017,Gregg Turkington|Mark Proksch|Luther Sanchez|Tim Heidecker,1xkShGA6IQs,134682,1417,54,The Lost City of Z,2016,tt1212428,21 Apr 2017,PG-13,"Action, Adventure, Biography, Drama",James Gray,"Charlie Hunnam, Robert Pattinson, Sienna Miller, Tom Holland",6.6,"77,428",5,True,5,True,NA,NA,NA,NA,NA,NA,NA,NA,NA,NA,NA,NA,NA,NA
9,7,4/17/2017,Gregg Turkington|Mark Proksch,QFdzuCNLEfs,133602,1797,73,Unforgettable,2017,tt3462710,21 Apr 2017,R,"Drama, Thriller",Denise Di Novi,"Rosario Dawson, Katherine Heigl, Geoff Stults, Isabella Kai",5.1,"13,656",NA,NA,NA,NA,NA,NA,NA,NA,NA,NA,NA,NA,NA,NA,NA,NA,NA,NA
9,7,4/17/2017,Gregg Turkington|Mark Proksch,QFdzuCNLEfs,133602,1797,73,Born in China,2016,tt4629266,21 Apr 2017,G,Documentary,Chuan Lu,"John Krasinski, Claire Keim, Xun Zhou",7.2,"3,449",NA,NA,NA,NA,NA,NA,NA,NA,NA,NA,NA,NA,NA,NA,NA,NA,NA,NA
9,7,4/17/2017,Gregg Turkington|Mark Proksch,QFdzuCNLEfs,133602,1797,73,Animal Crackers,2017,tt4155534,24 Jul 2020,TV-Y7,"Animation, Adventure, Musical","Tony Bancroft, Scott Christian Sava, Jaime Maestro(co-director)","Emily Blunt, Danny DeVito, John Krasinski, Ian McKellen",5.8,"2,231",NA,NA,NA,NA,NA,NA,NA,NA,NA,NA,NA,NA,NA,NA,NA,NA,NA,NA
9,8,4/24/2017,Gregg Turkington|Mark Proksch|Tim Heidecker|Joe Estevez,XWzt9NRe8Ac,108006,1382,38,How to Be a Latin Lover,2017,tt4795124,28 Apr 2017,PG-13,"Comedy, Drama",Ken Marino,"Eugenio Derbez, Salma Hayek, Raphael Alejandro, Rob Lowe",6.0,"13,793",5,False,NA,NA,NA,NA,NA,NA,NA,NA,NA,NA,NA,NA,NA,NA,NA,NA
9,8,4/24/2017,Gregg Turkington|Mark Proksch|Tim Heidecker|Joe Estevez,XWzt9NRe8Ac,108006,1382,38,The Circle,2017,tt4287320,28 Apr 2017,PG-13,"Drama, Sci-Fi, Thriller",James Ponsoldt,"Emma Watson, Ellar Coltrane, Glenne Headly, Bill Paxton",5.3,"83,158",5,False,NA,NA,NA,NA,NA,NA,NA,NA,NA,NA,NA,NA,NA,NA,NA,NA
9,9,5/1/2017,Gregg Turkington|Tim Heidecker,2j33hkDxYTs,124808,1353,52,Guardians of the Galaxy Vol. 2,2017,tt3896198,05 May 2017,PG-13,"Action, Adventure, Comedy, Sci-Fi",James Gunn,"Chris Pratt, Zoe Saldana, Dave Bautista, Vin Diesel",7.6,"559,889",5,False,5,False,NA,NA,NA,NA,NA,NA,NA,NA,NA,NA,NA,NA,NA,NA
9,9,5/1/2017,Gregg Turkington|Tim Heidecker,2j33hkDxYTs,124808,1353,52,The Lovers,2017,tt5770620,05 May 2017,R,"Comedy, Drama, Romance",Azazel Jacobs,"Debra Winger, Tracy Letts, Aidan Gillen, Melora Walters",6.0,"3,368",5,False,NA,False,NA,NA,NA,NA,NA,NA,NA,NA,NA,NA,NA,NA,NA,NA
9,10,5/8/2017,Gregg Turkington|Tim Heidecker,LCvM2IXg0lM,132615,1690,75,King Arthur: Legend of the Sword,2017,tt1972591,12 May 2017,PG-13,"Action, Adventure, Drama, Fantasy",Guy Ritchie,"Charlie Hunnam, Astrid Bergès-Frisbey, Jude Law, Djimon Hounsou",6.7,"188,592",5,True,5,False,NA,NA,NA,NA,NA,NA,NA,NA,NA,NA,NA,NA,NA,NA
9,10,5/8/2017,Gregg Turkington|Tim Heidecker,LCvM2IXg0lM,132615,1690,75,Snatched,2017,tt2334871,12 May 2017,R,"Action, Adventure, Comedy",Jonathan Levine,"Amy Schumer, Kim Caramele, Raven Goodwin, Katie Dippold",4.5,"32,793",5,False,4,False,NA,NA,NA,NA,NA,NA,NA,NA,NA,NA,NA,NA,NA,NA
10,1,3/22/2018,Gregg Turkington|Tim Heidecker,saGMEd_02t8,323877,5302,200,Pacific Rim: Uprising,2018,tt2557478,23 Mar 2018,PG-13,"Action, Adventure, Sci-Fi",Steven S. DeKnight,"John Boyega, Scott Eastwood, Cailee Spaeny, Burn Gorman",5.6,"104,263",5,False,5,False,NA,NA,NA,NA,NA,NA,NA,NA,NA,NA,NA,NA,NA,NA
10,1,3/22/2018,Gregg Turkington|Tim Heidecker,saGMEd_02t8,323877,5302,200,Sherlock Gnomes,2018,tt2296777,23 Mar 2018,PG,"Animation, Adventure, Comedy, Family, Fantasy, Mystery, Romance",John Stevenson,"Kelly Asbury, Mary J. Blige, Emily Blunt, Julio Bonet",5.2,"10,045",5,False,5,False,NA,NA,NA,NA,NA,NA,NA,NA,NA,NA,NA,NA,NA,NA
10,2,3/28/2018,Gregg Turkington|Tim Heidecker,tnPZtftH1F8,201601,2618,114,Acrimony,2018,tt6063050,30 Mar 2018,R,"Drama, Romance, Thriller",Tyler Perry,"Taraji P. Henson, Lyriq Bent, Crystle Stewart, Jazmyn Simon",5.8,"7,735",5,True,5,True,NA,NA,NA,NA,NA,NA,NA,NA,NA,NA,NA,NA,NA,NA
10,2,3/28/2018,Gregg Turkington|Tim Heidecker,tnPZtftH1F8,201601,2618,114,Ready Player One,2018,tt1677720,29 Mar 2018,PG-13,"Action, Adventure, Sci-Fi",Steven Spielberg,"Tye Sheridan, Olivia Cooke, Ben Mendelsohn, Lena Waithe",7.5,"360,689",5,False,5,False,NA,NA,NA,NA,NA,NA,NA,NA,NA,NA,NA,NA,NA,NA
10,3,4/6/2018,Gregg Turkington|Mark Proksch|Max Eucompco|Tim Heidecker,nY5XVaneJhw,221258,2631,95,You Were Never Really Here,2017,tt5742374,06 Apr 2018,R,"Crime, Drama, Mystery, Thriller",Lynne Ramsay,"Joaquin Phoenix, Dante Pereira-Olson, Larry Canady, Vinicius Damasceno",6.8,"100,941",5,False,5,False,NA,NA,NA,NA,NA,NA,NA,NA,NA,NA,NA,NA,NA,NA
10,3,4/6/2018,Gregg Turkington|Mark Proksch|Max Eucompco|Tim Heidecker,nY5XVaneJhw,221258,2631,95,Chappaquiddick,2017,tt5270948,06 Apr 2018,PG-13,"Drama, History, Thriller",John Curran,"Jason Clarke, Kate Mara, Ed Helms, Bruce Dern",6.4,"11,779",5,False,5,False,NA,NA,NA,NA,NA,NA,NA,NA,NA,NA,NA,NA,NA,NA
10,4,4/12/2018,Gregg Turkington|Max Eucompco|Tim Heidecker,H9HXh5ZYkn4,157312,2304,75,Sgt. Stubby: An American Hero,2018,tt5314190,13 Apr 2018,PG,"Animation, Adventure, Family, History, War",Richard Lanni,"Logan Lerman, Helena Bonham Carter, Gérard Depardieu, Jordan Beck",6.9,"1,891",5,False,5,False,NA,NA,NA,NA,NA,NA,NA,NA,NA,NA,NA,NA,NA,NA
10,4,4/12/2018,Gregg Turkington|Max Eucompco|Tim Heidecker,H9HXh5ZYkn4,157312,2304,75,Overboard,2018,tt1563742,04 May 2018,PG-13,"Comedy, Romance",Rob Greenberg,"Eugenio Derbez, Anna Faris, Eva Longoria, John Hannah",6.0,"33,691",5,False,5,False,NA,NA,NA,NA,NA,NA,NA,NA,NA,NA,NA,NA,NA,NA
10,5,4/19/2018,Gregg Turkington|Max Eucompco|Tim Heidecker,fU-bU8MIeUs,152828,2058,97,Super Troopers 2,2018,tt0859635,20 Apr 2018,R,"Comedy, Crime, Mystery",Jay Chandrasekhar,"Seann William Scott, Clifton Collins Jr., Steve Lemme, Erik Stolhanske",6.1,"23,517",5,False,5,False,NA,NA,NA,NA,NA,NA,NA,NA,NA,NA,NA,NA,NA,NA
10,5,4/19/2018,Gregg Turkington|Max Eucompco|Tim Heidecker,fU-bU8MIeUs,152828,2058,97,Rampage,2018,tt2231461,13 Apr 2018,PG-13,"Action, Adventure, Sci-Fi",Brad Peyton,"Dwayne Johnson, Naomie Harris, Malin Akerman, Jeffrey Dean Morgan",6.1,"140,271",5,False,5,False,NA,NA,NA,NA,NA,NA,NA,NA,NA,NA,NA,NA,NA,NA
10,6,4/26/2018,Gregg Turkington|Max Eucompco|Tim Heidecker,OGgGA3XCFLY,135258,1755,60,Traffik,2018,tt5670152,20 Apr 2018,R,Thriller,Deon Taylor,"Priscilla Quintana, Luke Goss, Paula Patton, William Fichtner",6.0,"18,298",5,False,NA,False,NA,NA,NA,NA,NA,NA,NA,NA,NA,NA,NA,NA,NA,NA
10,7,5/3/2018,Gregg Turkington|Tim Heidecker|Joe Estevez,83mWOlEqvk4,422019,5644,273,Avengers: Infinity War,2018,tt4154756,27 Apr 2018,PG-13,"Action, Adventure, Sci-Fi","Anthony Russo, Joe Russo","Robert Downey Jr., Chris Hemsworth, Mark Ruffalo, Chris Evans",8.4,"812,007",5,False,5,False,NA,NA,NA,False,NA,NA,NA,NA,NA,NA,NA,NA,NA,NA
10,8,5/10/2018,Gregg Turkington|Tim Heidecker,nvMA_jKlQ_o,165067,2224,51,Life of the Party,2018,tt5619332,11 May 2018,PG-13,Comedy,Ben Falcone,"Melissa McCarthy, Matt Walsh, Molly Gordon, Ben Falcone",5.6,"32,672",5,True,5,False,NA,NA,NA,NA,NA,NA,NA,NA,NA,NA,NA,NA,NA,NA
10,8,5/10/2018,Gregg Turkington|Tim Heidecker,nvMA_jKlQ_o,165067,2224,51,Breaking In,2018,tt7137846,11 May 2018,PG-13,"Action, Thriller",James McTeigue,"Gabrielle Union, Billy Burke, Richard Cabral, Ajiona Alexus",5.4,"13,996",5,False,NA,False,NA,NA,NA,NA,NA,NA,NA,NA,NA,NA,NA,NA,NA,NA
10,9,5/17/2018,Gregg Turkington|Mark Proksch|Tim Heidecker,XYReLQBKo50,149160,2337,126,Show Dogs,2018,tt5691024,18 May 2018,PG,"Adventure, Comedy, Crime, Family",Raja Gosnell,"Will Arnett, Ludacris, Natasha Lyonne, Stanley Tucci",3.8,"4,128",5,False,NA,False,NA,NA,NA,NA,NA,NA,NA,NA,NA,NA,NA,NA,NA,NA
10,9,5/17/2018,Gregg Turkington|Mark Proksch|Tim Heidecker,XYReLQBKo50,149160,2337,126,Deadpool 2,2018,tt5463162,18 May 2018,R,"Action, Adventure, Comedy, Sci-Fi",David Leitch,"Ryan Reynolds, Josh Brolin, Morena Baccarin, Julian Dennison",7.7,"467,009",5,False,NA,False,NA,NA,NA,NA,NA,NA,NA,NA,NA,NA,NA,NA,NA,NA
10,10,5/25/2018,Gregg Turkington|Tim Heidecker,m1a1sLe1W3w,185556,3629,97,Solo: A Star Wars Story,2018,tt3778644,25 May 2018,PG-13,"Action, Adventure, Sci-Fi",Ron Howard,"Alden Ehrenreich, Joonas Suotamo, Woody Harrelson, Emilia Clarke",6.9,"282,558",NA,False,NA,False,NA,NA,NA,NA,NA,NA,NA,NA,NA,NA,NA,NA,NA,NA
11,1,9/25/2019,Gregg Turkington|Tim Heidecker,TkftGABKsnU,166991,4774,67,Abominable,2019,tt6324278,27 Sep 2019,PG,"Animation, Adventure, Comedy, Family, Fantasy","Jill Culton, Todd Wilderman(co-director)","Chloe Bennet, Albert Tsai, Tenzing Norgay Trainor, Joseph Izzo",7.0,"27,519",5,False,5,False,NA,NA,NA,NA,NA,NA,NA,NA,NA,NA,NA,NA,NA,NA
11,1,9/25/2019,Gregg Turkington|Tim Heidecker,TkftGABKsnU,166991,4774,67,Judy,2019,tt7549996,04 Oct 2019,PG-13,"Biography, Drama, Romance",Rupert Goold,"Renée Zellweger, Jessie Buckley, Finn Wittrock, Rufus Sewell",6.8,"38,211",5,False,5,True,NA,NA,NA,NA,NA,NA,NA,NA,NA,NA,NA,NA,NA,NA
11,2,10/2/2019,Gregg Turkington|Mark Proksch|Tim Heidecker,G5vfOMSA-H8,220146,5398,203,Joker,2019,tt7286456,04 Oct 2019,R,"Crime, Drama, Thriller",Todd Phillips,"Joaquin Phoenix, Robert De Niro, Zazie Beetz, Frances Conroy",8.5,"897,570",5,True,6,True,NA,NA,NA,NA,NA,NA,NA,NA,NA,NA,NA,NA,NA,NA
11,2,10/2/2019,Gregg Turkington|Mark Proksch|Tim Heidecker,G5vfOMSA-H8,220146,5398,203,The Current War,2017,tt2140507,25 Oct 2019,PG-13,"Biography, Drama, History",Alfonso Gomez-Rejon,"Benedict Cumberbatch, Oliver Powell, Sophia Ally, Tuppence Middleton",6.5,"18,502",NA,NA,NA,NA,NA,NA,NA,NA,NA,NA,NA,NA,NA,NA,NA,NA,NA,NA
11,3,10/9/2019,Gregg Turkington|Tim Heidecker|Joe Estevez|Josh Lorton,qmkZDFggYZE,140551,3286,57,Gemini Man,2019,tt1025100,11 Oct 2019,PG-13,"Action, Drama, Sci-Fi, Thriller",Ang Lee,"Will Smith, Mary Elizabeth Winstead, Clive Owen, Benedict Wong",5.7,"81,375",4,False,5,False,NA,NA,NA,NA,NA,NA,NA,NA,NA,NA,NA,NA,NA,NA
11,3,10/9/2019,Gregg Turkington|Tim Heidecker|Joe Estevez|Josh Lorton,qmkZDFggYZE,140551,3286,57,The Addams Family,2019,tt1620981,11 Oct 2019,PG,"Animation, Comedy, Family, Fantasy, Horror","Greg Tiernan, Conrad Vernon","Oscar Isaac, Charlize Theron, Chloë Grace Moretz, Finn Wolfhard",5.8,"26,955",5,False,NA,False,NA,NA,NA,NA,NA,NA,NA,NA,NA,NA,NA,NA,NA,NA
11,4,10/16/2019,Gregg Turkington|Tim Heidecker|Michael Matthews|Josh Lorton,RAMs41nvta8,102259,2404,53,Mister America,2019,tt10579992,11 Oct 2019,R,Comedy,Eric Notarnicola,"Tim Heidecker, Gregg Turkington, Terri Parks, Curtis Webster",6.5,"1,033",3,False,0,False,NA,NA,NA,NA,NA,NA,NA,NA,NA,NA,NA,NA,NA,NA
11,4,10/16/2019,Gregg Turkington|Tim Heidecker|Michael Matthews|Josh Lorton,RAMs41nvta8,102259,2404,53,Maleficent: Mistress of Evil,2019,tt4777008,18 Oct 2019,PG,"Adventure, Family, Fantasy",Joachim Rønning,"Angelina Jolie, Elle Fanning, Harris Dickinson, Michelle Pfeiffer",6.6,"80,051",5,False,5,False,NA,NA,NA,NA,NA,NA,NA,NA,NA,NA,NA,NA,NA,NA
11,5,10/23/2019,Gregg Turkington|Mark Proksch|Tim Heidecker,zJXuik5QQ7A,102282,2282,34,The Last Full Measure,2019,tt0783640,24 Jan 2020,R,"Drama, War",Todd Robinson,"Sebastian Stan, Alison Sudol, Asher Miles Fallica, LisaGay Hamilton",6.7,"6,439",NA,NA,NA,NA,NA,NA,NA,NA,NA,NA,NA,NA,NA,NA,NA,NA,NA,NA
11,5,10/23/2019,Gregg Turkington|Mark Proksch|Tim Heidecker,zJXuik5QQ7A,102282,2282,34,Black and Blue,2019,tt7390646,25 Oct 2019,R,"Action, Crime, Thriller",Deon Taylor,"Naomie Harris, Tyrese Gibson, Frank Grillo, Mike Colter",6.4,"15,104",NA,NA,NA,NA,NA,NA,NA,NA,NA,NA,NA,NA,NA,NA,NA,NA,NA,NA
11,6,10/30/2019,Gregg Turkington|Mark Proksch|Tim Heidecker,ciX-tauchQs,106462,2223,54,Terminator: Dark Fate,2019,tt6450804,01 Nov 2019,R,"Action, Adventure, Sci-Fi",Tim Miller,"Linda Hamilton, Arnold Schwarzenegger, Mackenzie Davis, Natalia Reyes",6.2,"142,637",5,False,5,True,NA,NA,NA,NA,NA,NA,NA,NA,NA,NA,NA,NA,NA,NA
11,6,10/30/2019,Gregg Turkington|Mark Proksch|Tim Heidecker,ciX-tauchQs,106462,2223,54,Motherless Brooklyn,2019,tt0385887,01 Nov 2019,R,"Crime, Drama, Mystery",Edward Norton,"Edward Norton, Gugu Mbatha-Raw, Alec Baldwin, Willem Dafoe",6.8,"39,105",5,False,5,False,NA,NA,NA,NA,NA,NA,NA,NA,NA,NA,NA,NA,NA,NA
11,7,11/6/2019,Axiom Serradimigni|Gregg Turkington|Manuel Giusti|Tim Heidecker|Michael Matthews,tgPsYWyZCgc,104013,2443,44,Arctic Dogs,2019,tt4426464,01 Nov 2019,PG,"Animation, Adventure, Comedy, Family",Aaron Woodley,"Jeremy Renner, Heidi Klum, James Franco, John Cleese",4.6,"1,307",5,False,5,False,NA,NA,NA,NA,NA,NA,NA,NA,NA,NA,NA,NA,NA,NA
11,7,11/6/2019,Axiom Serradimigni|Gregg Turkington|Manuel Giusti|Tim Heidecker|Michael Matthews,tgPsYWyZCgc,104013,2443,44,Midway,2019,tt6924650,08 Nov 2019,PG-13,"Action, Adventure, Drama, History, War",Roland Emmerich,"Ed Skrein, Patrick Wilson, Woody Harrelson, Luke Evans",6.7,"62,286",5,False,5,False,NA,NA,NA,NA,NA,NA,NA,NA,NA,NA,NA,NA,NA,NA
11,8,11/13/2019,Gregg Turkington|Mark Proksch|Tim Heidecker|Toni Newman,HE0pBci6wVY,101143,2214,53,Charlie's Angels,2019,tt5033998,15 Nov 2019,PG-13,"Action, Adventure, Comedy",Elizabeth Banks,"Kristen Stewart, Naomi Scott, Ella Balinska, Elizabeth Banks",4.8,"53,946",NA,NA,5,False,NA,NA,NA,NA,NA,False,NA,NA,NA,NA,NA,NA,NA,NA
11,8,11/13/2019,Gregg Turkington|Mark Proksch|Tim Heidecker|Toni Newman,HE0pBci6wVY,101143,2214,53,The Report,2019,tt8236336,15 Nov 2019,R,"Biography, Crime, Drama, History, Thriller",Scott Z. Burns,"Adam Driver, Corey Stoll, Evander Duck Jr., Jon Hamm",7.2,"30,146",NA,NA,NA,NA,NA,NA,NA,NA,NA,NA,NA,NA,NA,NA,NA,NA,NA,NA
11,9,11/20/2019,Axiom Serradimigni|Gregg Turkington|Manuel Giusti|Tim Heidecker|Joe Estevez|Toni Newman,-s1y1WFrawU,100495,2166,39,Frozen II,2019,tt4520988,22 Nov 2019,PG,"Animation, Adventure, Comedy, Family, Fantasy, Musical","Chris Buck, Jennifer Lee","Kristen Bell, Idina Menzel, Josh Gad, Jonathan Groff",6.9,"129,364",5,False,NA,NA,NA,NA,NA,NA,NA,NA,NA,NA,NA,NA,NA,NA,NA,NA
11,9,11/20/2019,Axiom Serradimigni|Gregg Turkington|Manuel Giusti|Tim Heidecker|Joe Estevez|Toni Newman,-s1y1WFrawU,100495,2166,39,21 Bridges,2019,tt8688634,22 Nov 2019,R,"Action, Crime, Thriller",Brian Kirk,"Chadwick Boseman, Sienna Miller, J.K. Simmons, Stephan James",6.6,"43,661",5,False,NA,NA,NA,NA,NA,NA,NA,NA,NA,NA,NA,NA,NA,NA,NA,NA
11,10,11/27/2019,Gregg Turkington|Tim Heidecker|Toni Newman,EInX_lIWpEU,100506,2341,46,Knives Out,2019,tt8946378,27 Nov 2019,PG-13,"Comedy, Crime, Drama, Mystery, Thriller",Rian Johnson,"Daniel Craig, Chris Evans, Ana de Armas, Jamie Lee Curtis",7.9,"413,083",NA,NA,NA,NA,NA,NA,NA,NA,NA,NA,NA,NA,NA,NA,NA,NA,NA,NA
11,10,11/27/2019,Gregg Turkington|Tim Heidecker|Toni Newman,EInX_lIWpEU,100506,2341,46,Queen & Slim,2019,tt8722346,27 Nov 2019,R,"Crime, Drama, Romance",Melina Matsoukas,"Daniel Kaluuya, Jodie Turner-Smith, Bokeem Woodbine, Chloë Sevigny",7.1,"21,734",NA,NA,NA,NA,NA,NA,NA,NA,NA,NA,NA,NA,NA,NA,NA,NA,NA,NA
